,product,scenario_id,nudge_id,event_id,event_id_description,variable,nudge_title,nudge_description
0,agentOffering,offering,nudge_4956,EVT_15224,"네이버 날씨, 케이웨더 등 날씨 관련 어플이나 웹페이지 경험이 있고, 한 주의 날씨가 궁금하며, 주의보/경보가 발효된 지역의 고객","{""titleTextPolite"":""{{SEVERE_WEATHER}}{{SEVERE_WEATHER_STRESS_CODE}} 발령<br>강풍과 폭우 예정이니<br>각별히 주의하세요"",""contents"":""{{CARD_TODAY_WEATHER}}"",""description"":""네이버 날씨, 케이웨더 등 날씨 관련 어플이나 웹페이지 경험이 있고, 한 주의 날씨가 궁금하며, 주의보/경보가 발효된 지역의 고객""}",weather_25,#날씨#태풍주의보/경보
1,agentOffering,offering,nudge_5001,EVT_15153,"통화 내용 중에 일정 관련 정보가 있으며, 에이닷에서 통화 요약에 가입해 해당 기능을 사용했으며, 통화 요약이 생성된 고객","{""titleTextPolite"":""통화 중 언급된<br>중요한 내용을 모아봤어요<br>한 번 더 체크해 보세요"",""contents"":""{{CARD_AI_CALLBRIEF}}"",""description"":""통화 내용 중에 일정 관련 정보가 있으며, 에이닷에서 통화 요약에 가입해 해당 기능을 사용했으며, 통화 요약이 생성된 고객""}",briefing_7,#Info #통화요약 #중요 통화 내용 AI 제안
2,agentOffering,offering,nudge_4966,EVT_15239,"출퇴근 패턴 혹은 규칙적인 행동을 보이고, 에이닷에서 미세먼지를 검색한 이력이 있으며, 네이버 날씨, 케이웨더 등 날씨 관련 어플이나 웹페이지 경험이 있고, 야외에 나가기 전 날씨 정보가 필요한 고객","{""titleTextPolite"":""오늘은 미세먼지가 많아요<br>건강을 위해 출근길에<br>마스크 꼭 챙기세요"",""contents"":""{{CARD_FINE_DUST}}"",""description"":""출퇴근 패턴 혹은 규칙적인 행동을 보이고, 에이닷에서 미세먼지를 검색한 이력이 있으며, 네이버 날씨, 케이웨더 등 날씨 관련 어플이나 웹페이지 경험이 있고, 야외에 나가기 전 날씨 정보가 필요한 고객""}",weather_1,#미세먼지 나쁨 #직장인 #출근 전
3,agentOffering,offering,nudge_5010,EVT_15292,"CGV, 롯데시네마, 메가박스 등 영화 예매 어플이나 웹페이지 경험이 있으며, 영화 관련 통화내역이 있고, tmap에서 영화 관련 장소를 검색했으며, 에이닷 미디어에서 장르 값(로맨스, 액션 등)이 설정된 영상을 시청한 적이 있는 고객","{""titleTextPolite"":""위클리 무비 업데이트<br>이번 주말에는 재미있는<br>영화 한 편 어때요?"",""contents"":""{{CARD_WEEKLY_MOVIE}}"",""messageSelector"":""{{MESSAGE_ATV_01}}"",""description"":""CGV, 롯데시네마, 메가박스 등 영화 예매 어플이나 웹페이지 경험이 있으며, 영화 관련 통화내역이 있고, tmap에서 영화 관련 장소를 검색했으며, 에이닷 미디어에서 장르 값(로맨스, 액션 등)이 설정된 영상을 시청한 적이 있는 고객""}",atv_1,"#atv#위클리무비#금요일,주말"
4,agentOffering,offering,nudge_5042,EVT_15181,"FLO, 멜론, 스포티파이 등 음악 관련 어플이나 웹페이지 경험이 있고, 음악, 공연, 노래와 관련된 전화 내역이 있으며, tmap에서 해당 관련 시설을 찾은 적이 있고, tdeal에서 스피커, 턴테이블 등 음향 기기에 관심이 있으며, 에이닷에서 뮤직 기능을 사용한 적 있고, 선호하는 음악 스타일이 있는 고객","{""titleTextPolite"":""주말에도 음악과 함께<br>{{ADOT_USER_NAME+이/가}} 좋아하는<br>{{MUSIC_INTEREST_GENRE_RANDOM}} 장르 모아봤어요"",""contents"":""{{CARD_RECOMMEND_GENRE_MUSIC_22}}"",""description"":""FLO, 멜론, 스포티파이 등 음악 관련 어플이나 웹페이지 경험이 있고, 음악, 공연, 노래와 관련된 전화 내역이 있으며, tmap에서 해당 관련 시설을 찾은 적이 있고, tdeal에서 스피커, 턴테이블 등 음향 기기에 관심이 있으며, 에이닷에서 뮤직 기능을 사용한 적 있고, 선호하는 음악 스타일이 있는 고객""}",music_22,#선호 장르 기반 음악 추천
5,agentOffering,offering,nudge_5072,EVT_15334,"T 멤버십 사용자이고, 에이닷에서 T 멤버십 혜택을 이용하며, 티월드 모바일 APP, WEB, 혹은 티월드 온라인 경험이 있는 고객","{""titleTextPolite"":""빵으로 출출함을 달래고<br>커피로 정신을 차리게 해 줄<br>일석이조의 T day 혜택"",""description"":""T 멤버십 사용자이고, 에이닷에서 T 멤버십 혜택을 이용하며, 티월드 모바일 APP, WEB, 혹은 티월드 온라인 경험이 있는 고객""}",tmembership_Day42,TdayDay42 #뚜레쥬르
6,agentOffering,offering,nudge_4954,EVT_15222,"여행지에 있고, 에이닷에서 음식점/카페 검색 이력이 있으며, 음식점/카페 관련 웹 검색을 했고, 에이닷 혼잡도 기록이 있으며, 근처 음식점/카페가 궁금할 것 같은 고객","{""titleTextPolite"":""점심 식사 후 힐링 시간<br>당신의 기분을 높여줄<br>카페 찾아왔어요"",""contents"":""{{CARD_RECOMMEND_RESTAURANT_02}}"",""description"":""여행지에 있고, 에이닷에서 음식점/카페 검색 이력이 있으며, 음식점/카페 관련 웹 검색을 했고, 에이닷 혼잡도 기록이 있으며, 근처 음식점/카페가 궁금할 것 같은 고객""}",restaurant_2,#직장인#평일#카페추천
7,agentOffering,offering,nudge_4939,EVT_15132,"출퇴근 패턴 혹은 규칙적인 행동을 보이며, tmap, 카카오T, UT(우티), 카카오맵 등 지도 관련 어플을 이용하고, tmap에서 교통 편의 관련 검색을 사용했으며, navigation/경로 정보가 필요하고, tmap, 패턴, 여행지 위치 확인 등으로 행동 로그를 유추하여 야외에 나가기 전 날씨 정보가 필요한 고객","{""titleTextPolite"":""오늘은 눈이 와요<br>혹시 차로 이동한다면<br>좀 더 일찍 출발하세요"",""contents"":""{{CARD_TMAP_GENERAL}}"",""description"":""출퇴근 패턴 혹은 규칙적인 행동을 보이며, tmap, 카카오T, UT(우티), 카카오맵 등 지도 관련 어플을 이용하고, tmap에서 교통 편의 관련 검색을 사용했으며, navigation/경로 정보가 필요하고, tmap, 패턴, 여행지 위치 확인 등으로 행동 로그를 유추하여 야외에 나가기 전 날씨 정보가 필요한 고객""}",mobility_5,#모빌리티#모빌리티 패턴 #눈오는 날#14세이상
8,agentOffering,offering,nudge_4942,EVT_15135,"지하철 탑승 패턴을 보이며, 카카오 지하철과 지하철 종결자 등 지하철 관련 어플을 사용하고, 에이닷에 지하철 혼잡도를 물어봤으며, 네이버 지도와 카카오맵 등 지도 관련 어플을 이용하며, 출발역과 거리가 가까운 고객","{""titleTextPolite"":""어떤 칸이 가장 편할까요?<br>지하철 승차 전<br>칸 별 혼잡도 체크하세요"",""contents"":""{{CARD_SUBWAY_CONGESTION_DEPARTURE}}"",""description"":""지하철 탑승 패턴을 보이며, 카카오 지하철과 지하철 종결자 등 지하철 관련 어플을 사용하고, 에이닷에 지하철 혼잡도를 물어봤으며, 네이버 지도와 카카오맵 등 지도 관련 어플을 이용하며, 출발역과 거리가 가까운 고객""}",congestion_1,#지하철 혼잡도 #NOW
9,agentOffering,offering,nudge_4973,EVT_15250,"등하교 패턴 혹은 규칙적인 행동을 보이고, 에이닷에서 미세먼지를 검색한 이력이 있으며, 네이버 날씨, 케이웨더 등 날씨 관련 어플이나 웹페이지 경험이 있고, 야외에 나가기 전 날씨 정보가 필요한 고객","{""titleTextPolite"":""오늘은 미세먼지가 많아요<br>학교 갈 때 잊지 말고<br>마스크 챙기세요"",""contents"":""{{CARD_FINE_DUST}}"",""description"":""등하교 패턴 혹은 규칙적인 행동을 보이고, 에이닷에서 미세먼지를 검색한 이력이 있으며, 네이버 날씨, 케이웨더 등 날씨 관련 어플이나 웹페이지 경험이 있고, 야외에 나가기 전 날씨 정보가 필요한 고객""}",weather_7,#미세먼지 나쁨 #초/중/고등학생 #등교길
10,agentOffering,offering,nudge_4950,EVT_15212,"여행지에 있고, 에이닷에서 음식점/카페 검색 이력이 있으며, 음식점/카페 관련 웹 검색을 했고, 에이닷 혼잡도 기록이 있으며, 근처 음식점/카페가 궁금할 것 같은 고객","{""titleTextPolite"":""커피가 생각나는 시간<br>주변의 인기 있는 카페를<br>찾아봤어요"",""contents"":""{{CARD_RECOMMEND_RESTAURANT_04}}"",""description"":""여행지에 있고, 에이닷에서 음식점/카페 검색 이력이 있으며, 음식점/카페 관련 웹 검색을 했고, 에이닷 혼잡도 기록이 있으며, 근처 음식점/카페가 궁금할 것 같은 고객""}",restaurant_4,#음식점추천 #주말 #카페
11,agentOffering,offering,nudge_5030,EVT_15172,"유튜브 뮤직, 멜론, 스포티파이 등 음악 관련 어플이나 웹페이지 경험이 있고, 음악, 공연, 노래와 관련된 전화 내역이 있으며, tmap에서 해당 관련 시설을 찾은 적이 있고, tdeal에서 스피커, 턴테이블 등 음향 기기에 관심이 있으며, 에이닷에서 뮤직 기능을 사용해 본 고객","{""titleTextPolite"":""한결같은 일상 속에<br>플레이리스트를 채워보세요!"",""contents"":""{{CARD_CHANNEL_YOUTUBE_LIST_운영_29}}"",""description"":""유튜브 뮤직, 멜론, 스포티파이 등 음악 관련 어플이나 웹페이지 경험이 있고, 음악, 공연, 노래와 관련된 전화 내역이 있으며, tmap에서 해당 관련 시설을 찾은 적이 있고, tdeal에서 스피커, 턴테이블 등 음향 기기에 관심이 있으며, 에이닷에서 뮤직 기능을 사용해 본 고객""}",video_29,#유튜브채널 #플레이리스트 #foryou
12,agentOffering,offering,nudge_5035,EVT_15177,"에이닷 수면 분석을 사용하며, 어젯밤 수면 분석을 받았고, 삼성 헬스, 인바디 같은 건강 관련 어플이나 웹페이지 경험이 있으며, tdeal의 수면 제품에 관심이 많은 고객","{""titleTextPolite"":""어젯밤 잠들기 힘들었나요?<br>숙면에 도움 주는 영상으로<br>오늘은 일찍 잠들어 봐요"",""contents"":""{{CARD_KEYWORD_YOUTUBE_LIST_운영_12}}"",""description"":""에이닷 수면 분석을 사용하며, 어젯밤 수면 분석을 받았고, 삼성 헬스, 인바디 같은 건강 관련 어플이나 웹페이지 경험이 있으며, tdeal의 수면 제품에 관심이 많은 고객""}",sleep_14,#sleep #잠들기 오래 걸림 #숙면 영상 추천
13,agentOffering,offering,nudge_4976,EVT_15255,"등하교 패턴 혹은 규칙적인 행동을 보이고, 에이닷에서 날씨를 검색한 이력이 있으며, 네이버 날씨, 케이웨더 등 날씨 관련 어플이나 웹페이지 경험이 있고, 야외에 나가기 전 날씨 정보가 필요한 고객","{""titleTextPolite"":""날씨도 맑고<br>미세먼지도 괜찮아<br>즐거운 하루 시작해요"",""contents"":""{{CARD_TODAY_WEATHER}}"",""description"":""등하교 패턴 혹은 규칙적인 행동을 보이고, 에이닷에서 날씨를 검색한 이력이 있으며, 네이버 날씨, 케이웨더 등 날씨 관련 어플이나 웹페이지 경험이 있고, 야외에 나가기 전 날씨 정보가 필요한 고객""}",weather_11,#학생#학기중#5시~11시#평일#등교길#미세먼지좋음#맑음
14,agentOffering,offering,nudge_4986,EVT_15271,"에이닷에서 날씨를 검색한 이력이 있으며, 네이버 날씨, 케이웨더 등 날씨 관련 어플이나 웹페이지 경험이 있고, 야외에 나가기 전 날씨 정보가 필요한 고객","{""titleTextPolite"":""햇빛 가득한 날<br>미세먼지 걱정 No<br>활기찬 하루 시작해요"",""contents"":""{{CARD_TODAY_WEATHER}}"",""description"":""에이닷에서 날씨를 검색한 이력이 있으며, 네이버 날씨, 케이웨더 등 날씨 관련 어플이나 웹페이지 경험이 있고, 야외에 나가기 전 날씨 정보가 필요한 고객""}",weather_17,#5시~11시#주말#미세먼지좋음#맑음
15,agentOffering,offering,nudge_5028,EVT_15170,"스카이스캐너와 아고다 등 여행 관련 어플이나 웹페이지 경험이 있으며, tmap에서 여행/레저 관련 장소를 검색했고, 여행 관련 전화 이력이 있으며, tdeal에서 여행 관련 상품을 검색한 이력이 있는 고객","{""titleTextPolite"":""휴일에 떠나기 좋은 곳<br>더 이상 고민하지 말고<br>지금 바로 확인해 봐요"",""contents"":""{{CARD_CHANNEL_YOUTUBE_LIST_운영_27}}"",""description"":""스카이스캐너와 아고다 등 여행 관련 어플이나 웹페이지 경험이 있으며, tmap에서 여행/레저 관련 장소를 검색했고, 여행 관련 전화 이력이 있으며, tdeal에서 여행 관련 상품을 검색한 이력이 있는 고객""}",video_27,#유튜브채널 #여행 #유리소리TV
16,agentOffering,offering,nudge_5045,EVT_15184,"FLO, 멜론, 스포티파이 등 음악 관련 어플이나 웹페이지 경험이 있고, 음악, 공연, 노래와 관련된 전화 내역이 있으며, tmap에서 해당 관련 시설을 찾은 적이 있고, tdeal에서 스피커, 턴테이블 등 음향 기기에 관심이 있으며, 에이닷에서 뮤직 기능을 사용해 본 고객","{""titleTextPolite"":""매력적인 아티스트 추천<br>다양한 노래를 들어봐요"",""contents"":""{{CARD_RECOMMEND_ARTIST}}"",""description"":""FLO, 멜론, 스포티파이 등 음악 관련 어플이나 웹페이지 경험이 있고, 음악, 공연, 노래와 관련된 전화 내역이 있으며, tmap에서 해당 관련 시설을 찾은 적이 있고, tdeal에서 스피커, 턴테이블 등 음향 기기에 관심이 있으며, 에이닷에서 뮤직 기능을 사용해 본 고객""}",music_2,#아티스트 3인 #저녁
17,agentOffering,offering,nudge_5065,EVT_15327,"T 멤버십 사용자이고, 에이닷에서 T 멤버십 혜택을 이용하며, 티월드 모바일 APP, WEB, 혹은 티월드 온라인 경험이 있는 고객","{""titleTextPolite"":""오늘 장을 봐야 한다면<br>T day 혜택이 함께하는<br>곳을 가보는 건 어떨까요?"",""description"":""T 멤버십 사용자이고, 에이닷에서 T 멤버십 혜택을 이용하며, 티월드 모바일 APP, WEB, 혹은 티월드 온라인 경험이 있는 고객""}",tmembership_Day21,TdayDay21 #GS더프레시
18,agentOffering,offering,nudge_4941,EVT_15134,"모빌리티 패턴 혹은 규칙적인 행동을 보이며, tmap, 카카오T, UT(우티), 카카오맵 등 지도 관련 어플을 이용하고, tmap에서 교통 편의 관련 검색을 사용했으며, navigation/경로 정보가 필요한 고객","{""titleTextPolite"":""곧 이동할 시간이죠?<br>안전 운전하며<br>하루 마무리 잘해요!"",""contents"":""{{CARD_TMAP_NOT_HOME_OFFICE}}"",""description"":""모빌리티 패턴 혹은 규칙적인 행동을 보이며, tmap, 카카오T, UT(우티), 카카오맵 등 지도 관련 어플을 이용하고, tmap에서 교통 편의 관련 검색을 사용했으며, navigation/경로 정보가 필요한 고객""}",mobility_2,#모빌리티 패턴 #기타 #18시 이후
19,agentOffering,offering,nudge_4937,EVT_15130,"출퇴근 패턴 혹은 규칙적인 행동을 보이며, tmap, 카카오T, UT(우티), 카카오맵 등 지도 관련 어플을 이용하고, tmap에서 교통 편의 관련 검색을 사용했으며, navigation/경로 정보가 필요한 고객","{""titleTextPolite"":""집에 갈 시간이죠?<br>최적의 경로를 찾아놨어요<br>어서 들어가 쉬어요"",""contents"":""{{CARD_TMAP_HOME}}"",""description"":""출퇴근 패턴 혹은 규칙적인 행동을 보이며, tmap, 카카오T, UT(우티), 카카오맵 등 지도 관련 어플을 이용하고, tmap에서 교통 편의 관련 검색을 사용했으며, navigation/경로 정보가 필요한 고객""}",mobility_11,#모빌리티#모빌리티 패턴#집#14세이상#화~일요일
20,agentOffering,offering,nudge_4960,EVT_15232,"네이버 날씨, 케이웨더 등 날씨 관련 어플이나 웹페이지 경험이 있고, 한 주의 날씨가 궁금하며, 주의보/경보가 발효된 지역의 고객","{""titleTextPolite"":""{{SEVERE_WEATHER}}{{SEVERE_WEATHER_STRESS_CODE}}<br>추위가 심한 날씨예요<br>옷을 꼭 따뜻하게 입으세요"",""contents"":""{{CARD_TODAY_WEATHER}}"",""description"":""네이버 날씨, 케이웨더 등 날씨 관련 어플이나 웹페이지 경험이 있고, 한 주의 날씨가 궁금하며, 주의보/경보가 발효된 지역의 고객""}",weather_29,#날씨#한파주의보/경보
21,agentOffering,offering,nudge_4963,EVT_15238,"네이버 날씨, 케이웨더 등 날씨 관련 어플이나 웹페이지 경험이 있고, 한 주의 날씨가 궁금할 것 같은 고객","{""titleTextPolite"":""한 주의 시작 월요일<br>이번 주 주간 날씨 보고<br>한 주를 준비해요"",""contents"":""{{CARD_WEEKLY_WEATHER}}"",""description"":""네이버 날씨, 케이웨더 등 날씨 관련 어플이나 웹페이지 경험이 있고, 한 주의 날씨가 궁금할 것 같은 고객""}",weather_32,#주간날씨 #월요일 오전 #일요일 저녁
22,agentOffering,offering,nudge_5041,EVT_15308,"FLO, 멜론, 스포티파이 등 음악 관련 어플이나 웹페이지 경험이 있고, 음악, 공연, 노래와 관련된 전화 내역이 있으며, tmap에서 해당 관련 시설을 찾은 적이 있고, tdeal에서 스피커, 턴테이블 등 음향 기기에 관심이 있으며, 에이닷에서 뮤직 기능을 사용한 적 있고, 선호하는 음악 스타일이 있는 고객","{""titleTextPolite"":""{{ADOT_USER_NAME}} 취향 저격<br>{{MUSIC_INTEREST_GENRE_RANDOM}} 장르 음악을<br>모아봤어요"",""contents"":""{{CARD_RECOMMEND_GENRE_MUSIC_21}}"",""description"":""FLO, 멜론, 스포티파이 등 음악 관련 어플이나 웹페이지 경험이 있고, 음악, 공연, 노래와 관련된 전화 내역이 있으며, tmap에서 해당 관련 시설을 찾은 적이 있고, tdeal에서 스피커, 턴테이블 등 음향 기기에 관심이 있으며, 에이닷에서 뮤직 기능을 사용한 적 있고, 선호하는 음악 스타일이 있는 고객""}",music_21,#선호 장르 기반 음악 추천
23,agentOffering,offering,nudge_4954,EVT_15221,"여행지에 있고, 에이닷에서 음식점/카페 검색 이력이 있으며, 음식점/카페 관련 웹 검색을 했고, 에이닷 혼잡도 기록이 있으며, 근처 음식점/카페가 궁금할 것 같은 고객","{""titleTextPolite"":""점심 식사 후 힐링 시간<br>당신의 기분을 높여줄<br>카페 찾아왔어요"",""contents"":""{{CARD_RECOMMEND_RESTAURANT_02}}"",""description"":""여행지에 있고, 에이닷에서 음식점/카페 검색 이력이 있으며, 음식점/카페 관련 웹 검색을 했고, 에이닷 혼잡도 기록이 있으며, 근처 음식점/카페가 궁금할 것 같은 고객""}",restaurant_2,#직장인#평일#카페추천
24,agentOffering,offering,nudge_4974,EVT_15251,"등하교 패턴 혹은 규칙적인 행동을 보이고, 에이닷에서 비가 오는지 검색한 이력이 있으며, 네이버 날씨, 케이웨더 등 날씨 관련 어플이나 웹페이지 경험이 있고, 야외에 나가기 전 날씨 정보가 필요한 고객","{""titleTextPolite"":""오늘은 비 소식이 있어요<br>학교 가는 길이라면<br>우산 꼭 챙겨가세요"",""contents"":""{{CARD_HOURLY_WEATHER}}"",""description"":""등하교 패턴 혹은 규칙적인 행동을 보이고, 에이닷에서 비가 오는지 검색한 이력이 있으며, 네이버 날씨, 케이웨더 등 날씨 관련 어플이나 웹페이지 경험이 있고, 야외에 나가기 전 날씨 정보가 필요한 고객""}",weather_9,#비오는 날 #초/중/고등학생 #등교길
25,agentOffering,offering,nudge_5040,EVT_15306,"FLO, 멜론, 스포티파이 등 음악 관련 어플이나 웹페이지 경험이 있고, 음악, 공연, 노래와 관련된 전화내역이 있으며, tmap에서 해당 관련 시설을 찾은 적이 있고, tdeal에서 스피커, 턴테이블 등 음향 기기에 관심이 있으며, 에이닷에서 뮤직 기능을 사용한 적 있고, 선호하는 아티스트가 있는 고객","{""titleTextPolite"":""이건 꼭 들어봐야 해요<br>관심 있을 만한 아티스트의<br>신곡을 준비했어요"",""contents"":""{{CARD_NEW_RELEASE_SONG}}"",""description"":""FLO, 멜론, 스포티파이 등 음악 관련 어플이나 웹페이지 경험이 있고, 음악, 공연, 노래와 관련된 전화내역이 있으며, tmap에서 해당 관련 시설을 찾은 적이 있고, tdeal에서 스피커, 턴테이블 등 음향 기기에 관심이 있으며, 에이닷에서 뮤직 기능을 사용한 적 있고, 선호하는 아티스트가 있는 고객""}",music_77,#뮤직#내취향#아티스트신곡#주중
26,agentOffering,offering,nudge_5054,EVT_15316,"T 멤버십 사용자이고, 에이닷에서 T 멤버십 혜택을 이용하며, 티월드 모바일 APP, WEB, 혹은 티월드 온라인 경험이 있는 고객","{""titleTextPolite"":""행사가 많은 가정의 달에<br>선물세트가 필요한 지금<br>딱 어울리는 혜택"",""description"":""T 멤버십 사용자이고, 에이닷에서 T 멤버십 혜택을 이용하며, 티월드 모바일 APP, WEB, 혹은 티월드 온라인 경험이 있는 고객""}",tmembership_Week14,TdayWeek14 #컬리
27,agentOffering,offering,nudge_4943,EVT_15200,"에버랜드, 롯데월드 등 테마파크 관련 통화내역 및 tmap 기록이 있으며, 롯데백화점, 신세계백화점 등 백화점 관련 통화내역 및 tmap 기록이 있고, 이마트, 롯데마트 등 대형마트 관련 통화내역 및 tmap 기록이 있으며, 주말에 자주 방문하는 장소의 혼잡도가 궁금하고, 에이닷에 혼잡도 검색 기록이 있는 고객","{""titleTextPolite"":""자주 방문하는 장소의<br>토요일 혼잡도를 알려줄게요<br>체크하고 방문하기"",""contents"":""{{CARD_FAVORITE_PLACE_CONGESTION}}"",""description"":""에버랜드, 롯데월드 등 테마파크 관련 통화내역 및 tmap 기록이 있으며, 롯데백화점, 신세계백화점 등 백화점 관련 통화내역 및 tmap 기록이 있고, 이마트, 롯데마트 등 대형마트 관련 통화내역 및 tmap 기록이 있으며, 주말에 자주 방문하는 장소의 혼잡도가 궁금하고, 에이닷에 혼잡도 검색 기록이 있는 고객""}",congestion_3,#자주 방문하는 장소 #장소 혼잡도 #토요일 #INFO
28,agentOffering,offering,nudge_4994,EVT_15147,"업비트, 삼성증권, 한국투자증권 등 주식 관련 어플이나 웹페이지 경험이 있고, 에이닷 증권에 등록한 관심 종목의 현재가가 궁금한 고객","{""titleTextPolite"":""오늘의 장 마감 전<br>관심 가질 만한 종목의<br>현재가를 알려줄게요"",""contents"":""{{CARD_STOCK_CURRENT_PRICE}}"",""description"":""업비트, 삼성증권, 한국투자증권 등 주식 관련 어플이나 웹페이지 경험이 있고, 에이닷 증권에 등록한 관심 종목의 현재가가 궁금한 고객""}",stock_1,#증권#관심종목 현재가 #관심종목 보유자 #장마감전
29,agentOffering,offering,nudge_5019,EVT_15303,"업비트, 삼성증권, 한국투자증권 등 주식 관련 어플이나 웹페이지 경험이 있고, 에이닷 증권에 등록한 관심 종목의 현재가가 궁금한 고객","{""titleTextPolite"":""애플의 자체 인공지능<br>애플 인텔리전스 발표<br>결과는 어땠을까요?"",""contents"":""{{CARD_KEYWORD_YOUTUBE_운영_8}}"",""description"":""업비트, 삼성증권, 한국투자증권 등 주식 관련 어플이나 웹페이지 경험이 있고, 에이닷 증권에 등록한 관심 종목의 현재가가 궁금한 고객""}",issue_8_주식,#시의성#주식#애플 AI
30,agentOffering,offering,nudge_5032,EVT_15174,"에이닷 수면 분석을 사용하며, 지난밤 수면 분석을 받았고, 삼성 헬스, 인바디 같은 건강 관련 어플이나 웹페이지 경험이 있으며, tdeal의 수면 제품에 관심이 많은 고객","{""titleTextPolite"":""잠들기 어려웠던 어젯밤<br>오늘은 쉽게 잠들 수 있게<br>요가로 릴랙스해 봐요"",""contents"":""{{CARD_KEYWORD_YOUTUBE_LIST_운영_11}}"",""description"":""에이닷 수면 분석을 사용하며, 지난밤 수면 분석을 받았고, 삼성 헬스, 인바디 같은 건강 관련 어플이나 웹페이지 경험이 있으며, tdeal의 수면 제품에 관심이 많은 고객""}",sleep_11,"#sleep #잠들기 오래 걸림 #요가, 명상 콘텐츠 추천"
31,agentOffering,offering,nudge_5058,EVT_15320,"T 멤버십 사용자이고, 에이닷에서 T 멤버십 혜택을 이용하며, 티월드 모바일 APP, WEB, 혹은 티월드 온라인 경험이 있는 고객","{""titleTextPolite"":""점심으로 에그드랍 어때요?<br>T day 주간에만 이용 가능한<br>혜택이 있어요!"",""description"":""T 멤버십 사용자이고, 에이닷에서 T 멤버십 혜택을 이용하며, 티월드 모바일 APP, WEB, 혹은 티월드 온라인 경험이 있는 고객""}",tmembership_Week22,TdayWeek22
32,agentOffering,offering,nudge_5073,EVT_15335,"T 멤버십 사용자이고, 에이닷에서 T 멤버십 혜택을 이용하며, 티월드 모바일 APP, WEB, 혹은 티월드 온라인 경험이 있는 고객","{""titleTextPolite"":""휴가를 계획하고 있다면<br>트래블기어 압축 파우치<br>럭키찬스에 응모해 봐요"",""description"":""T 멤버십 사용자이고, 에이닷에서 T 멤버십 혜택을 이용하며, 티월드 모바일 APP, WEB, 혹은 티월드 온라인 경험이 있는 고객""}",tmembership_Day43,TdayDay43 #럭키찬스
33,agentOffering,offering,nudge_4971,EVT_15245,"출퇴근 패턴 혹은 규칙적인 행동을 보이고, 에이닷에서 날씨를 검색한 이력이 있으며, 네이버 날씨, 케이웨더 등 날씨 관련 어플이나 웹페이지 경험이 있고, 야외에 나가기 전 날씨 정보가 필요한 고객","{""titleTextPolite"":""미세먼지 없는 맑은 날씨<br>즐거운 하루를<br>시작해 볼까요?"",""contents"":""{{CARD_TODAY_WEATHER}}"",""description"":""출퇴근 패턴 혹은 규칙적인 행동을 보이고, 에이닷에서 날씨를 검색한 이력이 있으며, 네이버 날씨, 케이웨더 등 날씨 관련 어플이나 웹페이지 경험이 있고, 야외에 나가기 전 날씨 정보가 필요한 고객""}",weather_5,#직장인#평일#5시~11시#출근길#미세먼지좋은#맑음
34,agentOffering,offering,nudge_5068,EVT_15330,"T 멤버십 사용자이고, 에이닷에서 T 멤버십 혜택을 이용하며, 티월드 모바일 APP, WEB, 혹은 티월드 온라인 경험이 있는 고객","{""titleTextPolite"":""오후가 되니깐 왠지<br>기운이 떨어지지 않나요?<br>빵으로 에너지를 채워봐요"",""description"":""T 멤버십 사용자이고, 에이닷에서 T 멤버십 혜택을 이용하며, 티월드 모바일 APP, WEB, 혹은 티월드 온라인 경험이 있는 고객""}",tmembership_Day31,TdayDay31#뚜레쥬르
35,agentOffering,offering,nudge_5003,EVT_15279,"KBS 콩, SBS 고릴라, 팟빵 등 라디오 관련 어플이나 웹페이지 경험이 있고, 에이닷 라디오에 선호 프로그램이 있으며, 라디오를 자주 듣고, 에이닷에서 라디오를 청취한 이력이 있는 고객","{""titleTextPolite"":""라디오 들으러 가요<br>{{ADOT_USER_NAME+이/가}} 즐겨 듣는<br>프로그램 방송 중"",""contents"":""{{CARD_RADIO_PROGRAM}}"",""description"":""KBS 콩, SBS 고릴라, 팟빵 등 라디오 관련 어플이나 웹페이지 경험이 있고, 에이닷 라디오에 선호 프로그램이 있으며, 라디오를 자주 듣고, 에이닷에서 라디오를 청취한 이력이 있는 고객""}",radio_20,#라디오 #선호 프로그램 #NOW
36,agentOffering,offering,nudge_5013,EVT_15296,"네이버 스포츠, SPOTV NOW, FobMob 등 스포츠 관련 어플이나 웹페이지 경험이 있고, 스포츠와 관련된 게임을 이용한 내역이 있으며, 취미가 스포츠와 관련이 있으며, 응원하는 스포츠팀이 있는 고객","{""titleTextPolite"":""레알 마드리드가<br>챔피언스리그에서<br>우승했어요"",""contents"":""{{CARD_KEYWORD_YOUTUBE_운영_3}}"",""description"":""네이버 스포츠, SPOTV NOW, FobMob 등 스포츠 관련 어플이나 웹페이지 경험이 있고, 스포츠와 관련된 게임을 이용한 내역이 있으며, 취미가 스포츠와 관련이 있으며, 응원하는 스포츠팀이 있는 고객""}",issue_3_스포츠,#시의성#스포츠#축구#챔피언스리그
37,agentOffering,offering,nudge_5055,EVT_15317,"T 멤버십 사용자이고, 에이닷에서 T 멤버십 혜택을 이용하며, 티월드 모바일 APP, WEB, 혹은 티월드 온라인 경험이 있는 고객","{""titleTextPolite"":""여러모로 쓸모 있는 신발<br>요즘 같은 때에 미리<br>구비해 볼까요?"",""description"":""T 멤버십 사용자이고, 에이닷에서 T 멤버십 혜택을 이용하며, 티월드 모바일 APP, WEB, 혹은 티월드 온라인 경험이 있는 고객""}",tmembership_Week15,TdayWeek15 #크록스
38,agentOffering,offering,nudge_4992,EVT_15145,"특정한 행동 패턴이 없고, 에이닷에서 날씨를 검색한 이력이 있으며, 네이버 날씨, 케이웨더 등 날씨 관련 어플이나 웹페이지 경험이 있고, 야외에 나가기 전 날씨 정보가 필요한 고객","{""titleTextPolite"":""오늘은 흐린 날씨<br>미세먼지는 괜찮아요!"",""contents"":""{{CARD_TODAY_WEATHER}}"",""description"":""특정한 행동 패턴이 없고, 에이닷에서 날씨를 검색한 이력이 있으며, 네이버 날씨, 케이웨더 등 날씨 관련 어플이나 웹페이지 경험이 있고, 야외에 나가기 전 날씨 정보가 필요한 고객""}",weather_24,"#직장인,학생이외#5시~11시#평일#미세먼지좋음#흐림"
39,agentOffering,offering,nudge_5004,EVT_15282,"KBS 콩, SBS 고릴라, 팟빵 등 라디오 관련 어플이나 웹페이지 경험이 있고, 에이닷 라디오에 즐겨찾기를 등록했으며, 라디오를 자주 듣고, 에이닷에서 라디오를 청취한 이력이 있는 고객","{""titleTextPolite"":""느긋한 주말에 어울리는<br>잔잔한 라디오 시그널<br>어떤 채널을 들어볼까요?"",""contents"":""{{CARD_FAVORITE_RADIO}}"",""description"":""KBS 콩, SBS 고릴라, 팟빵 등 라디오 관련 어플이나 웹페이지 경험이 있고, 에이닷 라디오에 즐겨찾기를 등록했으며, 라디오를 자주 듣고, 에이닷에서 라디오를 청취한 이력이 있는 고객""}",radio_1,#라디오 #즐겨찾기
40,agentOffering,offering,nudge_5014,EVT_15298,"에이닷 내에서 뉴스 관련 청취 및 시청 이력이 있고, 네이버 뉴스, 연합뉴스, 조선일보 등 뉴스 관련 어플과 웹페이지 경험이 있는 고객","{""titleTextPolite"":""제22대 국회가 문을 열어요<br>이번에는 국회가 어떻게<br>구성될지 한번 볼까요?"",""contents"":""{{CARD_KEYWORD_YOUTUBE_운영_4}}"",""description"":""에이닷 내에서 뉴스 관련 청취 및 시청 이력이 있고, 네이버 뉴스, 연합뉴스, 조선일보 등 뉴스 관련 어플과 웹페이지 경험이 있는 고객""}",issue_4_사회,#시의성#사회#제22대 국회 임기 시작#10시~20시
41,agentOffering,offering,nudge_4978,EVT_15258,"현재 방학인 학생이고, 에이닷에서 미세먼지를 검색한 이력이 있으며, 네이버 날씨, 케이웨더 등 날씨 관련 어플이나 웹페이지 경험이 있고, 야외에 나가기 전 날씨 정보가 필요한 고객","{""titleTextPolite"":""나가기 전 확인<br>미세먼지 수치가 나쁘니<br>마스크를 꼭 챙겨요"",""contents"":""{{CARD_FINE_DUST}}"",""description"":""현재 방학인 학생이고, 에이닷에서 미세먼지를 검색한 이력이 있으며, 네이버 날씨, 케이웨더 등 날씨 관련 어플이나 웹페이지 경험이 있고, 야외에 나가기 전 날씨 정보가 필요한 고객""}",weather_35,#미세먼지 나쁨 #초/중/고등학생 #방학기간
42,agentOffering,offering,nudge_4979,EVT_15260,"현재 방학인 학생이고, 에이닷에서 비가 오는지 검색한 이력이 있으며, 네이버 날씨, 케이웨더 등 날씨 관련 어플이나 웹페이지 경험이 있고, 야외에 나가기 전 날씨 정보가 필요한 고객","{""titleTextPolite"":""오늘은 비가 올 거예요<br>우산 준비하세요"",""contents"":""{{CARD_HOURLY_WEATHER}}"",""description"":""현재 방학인 학생이고, 에이닷에서 비가 오는지 검색한 이력이 있으며, 네이버 날씨, 케이웨더 등 날씨 관련 어플이나 웹페이지 경험이 있고, 야외에 나가기 전 날씨 정보가 필요한 고객""}",weather_36,#비오는 날 #초/중/고등학생 #방학기간
43,agentOffering,offering,nudge_5004,EVT_15281,"KBS 콩, SBS 고릴라, 팟빵 등 라디오 관련 어플이나 웹페이지 경험이 있고, 에이닷 라디오에 즐겨찾기를 등록했으며, 라디오를 자주 듣고, 에이닷에서 라디오를 청취한 이력이 있는 고객","{""titleTextPolite"":""즐겨 듣는 라디오 채널이<br>있지 않나요?<br>좋아요를 누른 목록이에요"",""contents"":""{{CARD_FAVORITE_RADIO}}"",""description"":""KBS 콩, SBS 고릴라, 팟빵 등 라디오 관련 어플이나 웹페이지 경험이 있고, 에이닷 라디오에 즐겨찾기를 등록했으며, 라디오를 자주 듣고, 에이닷에서 라디오를 청취한 이력이 있는 고객""}",radio_1,#라디오 #즐겨찾기
44,agentOffering,offering,nudge_4946,EVT_15205,"에버랜드, 롯데월드 등 테마파크 관련 통화내역 및 tmap 기록이 있으며, 롯데백화점, 신세계백화점 등 백화점 관련 통화내역 및 tmap 기록이 있고, 이마트, 롯데마트 등 대형마트 관련 통화내역 및 tmap 기록이 있으며, 주말에 자주 방문하는 장소의 혼잡도가 궁금하고, 에이닷에 혼잡도 검색 기록이 있는 고객","{""titleTextPolite"":""오늘 약속이 있나요?<br>자주 방문하는 장소의<br>혼잡도를 알려줄게요"",""contents"":""{{CARD_FAVORITE_PLACE_CONGESTION}}"",""description"":""에버랜드, 롯데월드 등 테마파크 관련 통화내역 및 tmap 기록이 있으며, 롯데백화점, 신세계백화점 등 백화점 관련 통화내역 및 tmap 기록이 있고, 이마트, 롯데마트 등 대형마트 관련 통화내역 및 tmap 기록이 있으며, 주말에 자주 방문하는 장소의 혼잡도가 궁금하고, 에이닷에 혼잡도 검색 기록이 있는 고객""}",congestion_5,#자주 방문하는 장소 #장소 혼잡도 #토요일 당일 #INFO
45,agentOffering,offering,nudge_4987,EVT_15273,"특정한 행동 패턴이 없고, 에이닷에서 미세먼지를 검색한 이력이 있으며, 네이버 날씨, 케이웨더 등 날씨 관련 어플이나 웹페이지 경험이 있고, 야외에 나가기 전 날씨 정보가 필요한 고객","{""titleTextPolite"":""흐린 날씨에도<br>미세먼지는 괜찮아요<br>기분 좋은 하루 시작해요"",""contents"":""{{CARD_TODAY_WEATHER}}"",""description"":""특정한 행동 패턴이 없고, 에이닷에서 미세먼지를 검색한 이력이 있으며, 네이버 날씨, 케이웨더 등 날씨 관련 어플이나 웹페이지 경험이 있고, 야외에 나가기 전 날씨 정보가 필요한 고객""}",weather_18,#5시~11시#주말#미세먼지좋음#흐림
46,agentOffering,offering,nudge_4988,EVT_15273,"특정한 행동 패턴이 없고, 에이닷에서 미세먼지를 검색한 이력이 있으며, 네이버 날씨, 케이웨더 등 날씨 관련 어플이나 웹페이지 경험이 있고, 야외에 나가기 전 날씨 정보가 필요한 고객","{""titleTextPolite"":""흐린 날씨에도<br>미세먼지는 괜찮아요<br>기분 좋은 하루 시작해요"",""contents"":""{{CARD_TODAY_WEATHER}}"",""description"":""특정한 행동 패턴이 없고, 에이닷에서 미세먼지를 검색한 이력이 있으며, 네이버 날씨, 케이웨더 등 날씨 관련 어플이나 웹페이지 경험이 있고, 야외에 나가기 전 날씨 정보가 필요한 고객""}",weather_19,#미세먼지 나쁨 #기타
47,agentOffering,offering,nudge_5063,EVT_15325,"T 멤버십 사용자이고, 에이닷에서 T 멤버십 혜택을 이용하며, 티월드 모바일 APP, WEB, 혹은 티월드 온라인 경험이 있는 고객","{""titleTextPolite"":""오늘 점심은 간편하지만<br>맛있는 빵과 커피로<br>해결하는 건 어때요?"",""description"":""T 멤버십 사용자이고, 에이닷에서 T 멤버십 혜택을 이용하며, 티월드 모바일 APP, WEB, 혹은 티월드 온라인 경험이 있는 고객""}",tmembership_Day12,TdayDay12 #뚜레쥬르
48,agentOffering,offering,nudge_4961,EVT_15234,"네이버 날씨, 케이웨더 등 날씨 관련 어플이나 웹페이지 경험이 있고, 한 주의 날씨가 궁금하며, 주의보/경보가 발효된 지역의 고객","{""titleTextPolite"":""{{SEVERE_WEATHER}}{{SEVERE_WEATHER_STRESS_CODE}} 발령 중<br>바람이 세게 부는 날이에요<br>조심해서 이동하세요"",""contents"":""{{CARD_TODAY_WEATHER}}"",""description"":""네이버 날씨, 케이웨더 등 날씨 관련 어플이나 웹페이지 경험이 있고, 한 주의 날씨가 궁금하며, 주의보/경보가 발효된 지역의 고객""}",weather_30,#날씨#강풍주의보/경보
49,agentOffering,offering,nudge_5036,EVT_15178,"에이닷 수면 분석을 사용하며, 지난밤 수면 분석을 받았고, 삼성 헬스, 인바디 같은 건강 관련 어플이나 웹페이지 경험이 있으며, tdeal의 수면 제품에 관심이 많은 고객","{""titleTextPolite"":""알지 못했던 명작부터<br>재미있는 장면들까지<br>영상 콘텐츠를 함께 봐요"",""contents"":""{{CARD_CHANNEL_YOUTUBE_LIST_운영_30}}"",""description"":""에이닷 수면 분석을 사용하며, 지난밤 수면 분석을 받았고, 삼성 헬스, 인바디 같은 건강 관련 어플이나 웹페이지 경험이 있으며, tdeal의 수면 제품에 관심이 많은 고객""}",sleep_15,#sleep #깊은 수면 부족 #숙면 영상 추천
50,agentOffering,offering,nudge_5053,EVT_15315,"T 멤버십 사용자이고, 에이닷에서 T 멤버십 혜택을 이용하며, 티월드 모바일 APP, WEB, 혹은 티월드 온라인 경험이 있는 고객","{""titleTextPolite"":""커피 한 잔의 여유와<br>케이크 한 조각의 달콤함이<br>필요한 기분 좋은 봄날"",""description"":""T 멤버십 사용자이고, 에이닷에서 T 멤버십 혜택을 이용하며, 티월드 모바일 APP, WEB, 혹은 티월드 온라인 경험이 있는 고객""}",tmembership_Week13,TdayWeek13 #투썸
51,agentOffering,offering,nudge_5071,EVT_15333,"T 멤버십 사용자이고, 에이닷에서 T 멤버십 혜택을 이용하며, 티월드 모바일 APP, WEB, 혹은 티월드 온라인 경험이 있는 고객","{""titleTextPolite"":""요즘 날씨가 좋지 않아요?<br>한 손에 간식거리 들고<br>기분 좋은 산책을 해봐요"",""description"":""T 멤버십 사용자이고, 에이닷에서 T 멤버십 혜택을 이용하며, 티월드 모바일 APP, WEB, 혹은 티월드 온라인 경험이 있는 고객""}",tmembership_Day41,TdayDay41 #명랑핫도그
52,agentOffering,offering,nudge_5027,EVT_15169,"FLO, 멜론, 스포티파이 등 음악 관련 어플이나 웹페이지 경험이 있고, 음악, 공연, 노래와 관련된 전화 내역이 있으며, tmap에서 해당 관련 시설을 찾은 적이 있고, tdeal에서 스피커, 턴테이블 등 음향 기기에 관심이 있으며, 에이닷에서 뮤직 기능을 사용해 본 고객","{""titleTextPolite"":""그냥 지나치기엔 아쉬운<br>특별한 음악을 준비했어요!"",""contents"":""{{CARD_CHANNEL_YOUTUBE_LIST_운영_26}}"",""description"":""FLO, 멜론, 스포티파이 등 음악 관련 어플이나 웹페이지 경험이 있고, 음악, 공연, 노래와 관련된 전화 내역이 있으며, tmap에서 해당 관련 시설을 찾은 적이 있고, tdeal에서 스피커, 턴테이블 등 음향 기기에 관심이 있으며, 에이닷에서 뮤직 기능을 사용해 본 고객""}",video_26,#유튜브채널 #FLO #foryou
53,agentOffering,offering,nudge_4964,EVT_15142,"tmap에서 세차, 자동차용품 관련 장소를 검색했고, 세차, 자동차용품 관련 전화 기록이 있으며, tdeal, 11번가 등에서 세차, 자동차용품 관련 검색을 했고, 자동차에 관심이 많은 고객","{""titleTextPolite"":""주말을 더 화사하게<br>놀러 가기 전 세차 어때요?"",""contents"":""{{CARD_CARWASH_INDEX}}"",""description"":""tmap에서 세차, 자동차용품 관련 장소를 검색했고, 세차, 자동차용품 관련 전화 기록이 있으며, tdeal, 11번가 등에서 세차, 자동차용품 관련 검색을 했고, 자동차에 관심이 많은 고객""}",weather_43,#날씨#세차지수 높음#30대이상#주말#오전
54,agentOffering,offering,nudge_4968,EVT_15241,"출퇴근 패턴 혹은 규칙적인 행동을 보이고, 에이닷에서 비가 오는지 검색한 이력이 있으며, 네이버 날씨, 케이웨더 등 날씨 관련 어플이나 웹페이지 경험이 있고, 야외에 나가기 전 날씨 정보가 필요한 고객","{""titleTextPolite"":""오늘은 비 소식이 있어요<br>출근길 우산 꼭 챙겨가세요"",""contents"":""{{CARD_HOURLY_WEATHER}}"",""description"":""출퇴근 패턴 혹은 규칙적인 행동을 보이고, 에이닷에서 비가 오는지 검색한 이력이 있으며, 네이버 날씨, 케이웨더 등 날씨 관련 어플이나 웹페이지 경험이 있고, 야외에 나가기 전 날씨 정보가 필요한 고객""}",weather_3,#비오는 날 #직장인 #출근 전
55,agentOffering,offering,nudge_5000,EVT_15152,"업무 관련 통화가 많았고, 에이닷에서 통화 요약에 가입해 해당 기능을 사용했으며, 통화 요약이 생성된 고객","{""titleTextPolite"":""업무 통화를 모아봤어요<br>놓친 내용 없는지<br>한 번 더 확인해 보세요"",""contents"":""{{CARD_BUSINESS_CALLBRIEF_BANNER}}"",""description"":""업무 관련 통화가 많았고, 에이닷에서 통화 요약에 가입해 해당 기능을 사용했으며, 통화 요약이 생성된 고객""}",briefing_6,#업무 통화가 모인 날 #Info
56,agentOffering,offering,nudge_5037,EVT_15179,"에이닷 수면 분석을 사용하며, 지난밤 수면 분석을 받았고, 삼성 헬스, 인바디 같은 건강 관련 어플이나 웹페이지 경험이 있으며, tdeal의 수면 제품에 관심이 많은 고객","{""titleTextPolite"":""어젯밤에는 자주 깼어요<br>숙면에 도움 주는 영상으로<br>깊은 수면을 경험해 봐요"",""contents"":""{{CARD_KEYWORD_YOUTUBE_LIST_운영_12}}"",""description"":""에이닷 수면 분석을 사용하며, 지난밤 수면 분석을 받았고, 삼성 헬스, 인바디 같은 건강 관련 어플이나 웹페이지 경험이 있으며, tdeal의 수면 제품에 관심이 많은 고객""}",sleep_16,#sleep #자주 깸 #숙면 영상 추천
57,agentOffering,offering,nudge_4982,EVT_15265,"현재 방학인 학생이고, 에이닷에서 날씨를 검색한 이력이 있으며, 네이버 날씨, 케이웨더 등 날씨 관련 어플이나 웹페이지 경험이 있고, 야외에 나가기 전 날씨 정보가 필요한 고객","{""titleTextPolite"":""오늘은 흐린 날씨<br>미세먼지는 괜찮아요"",""contents"":""{{CARD_TODAY_WEATHER}}"",""description"":""현재 방학인 학생이고, 에이닷에서 날씨를 검색한 이력이 있으며, 네이버 날씨, 케이웨더 등 날씨 관련 어플이나 웹페이지 경험이 있고, 야외에 나가기 전 날씨 정보가 필요한 고객""}",weather_39,#학생#방학#5시~11시#평일#미세먼지좋음#흐림
58,agentOffering,offering,nudge_5025,EVT_15167,"네이버 스포츠, 스포티비 나우, FMkorea 등 스포츠 관련 어플이나 웹페이지 경험이 있고, 스포윈 라이브스코어, 벳맨 등 스포츠 결과 및 분석 관련 어플이나 웹페이지 경험이 있으며, tdeal, 11번가에서 축구, 풋살 관련 제품에 관심이 있고, 축구 관련 통화내역이 있는 고객","{""titleTextPolite"":""스포츠와 예능의 만남<br>재미로 가득한 스포츠 소식을<br>확인해 보세요"",""contents"":""{{CARD_CHANNEL_YOUTUBE_LIST_운영_24}}"",""description"":""네이버 스포츠, 스포티비 나우, FMkorea 등 스포츠 관련 어플이나 웹페이지 경험이 있고, 스포윈 라이브스코어, 벳맨 등 스포츠 결과 및 분석 관련 어플이나 웹페이지 경험이 있으며, tdeal, 11번가에서 축구, 풋살 관련 제품에 관심이 있고, 축구 관련 통화내역이 있는 고객""}",video_24,#유튜브채널 #SPOiler #foryou
59,agentOffering,offering,nudge_5057,EVT_15319,"T 멤버십 사용자이고, 에이닷에서 T 멤버십 혜택을 이용하며, 티월드 모바일 APP, WEB, 혹은 티월드 온라인 경험이 있는 고객","{""titleTextPolite"":""이번 주에 필요한 거 있어?<br>컬리 할인 혜택 확인하고<br>빠짐없이 이용해요 "",""description"":""T 멤버십 사용자이고, 에이닷에서 T 멤버십 혜택을 이용하며, 티월드 모바일 APP, WEB, 혹은 티월드 온라인 경험이 있는 고객""}",tmembership_Week21,TdayWeek21
60,agentOffering,offering,nudge_4959,EVT_15230,"네이버 날씨, 케이웨더 등 날씨 관련 어플이나 웹페이지 경험이 있고, 한 주의 날씨가 궁금하며, 주의보/경보가 발효된 지역의 고객","{""titleTextPolite"":""더운 날씨<br>{{SEVERE_WEATHER}}{{SEVERE_WEATHER_STRESS_CODE}} 발령 중이에요"",""contents"":""{{CARD_TODAY_WEATHER}}"",""description"":""네이버 날씨, 케이웨더 등 날씨 관련 어플이나 웹페이지 경험이 있고, 한 주의 날씨가 궁금하며, 주의보/경보가 발효된 지역의 고객""}",weather_28,#날씨#폭염주의보/경보
61,agentOffering,offering,nudge_4972,EVT_15249,"출퇴근 패턴 혹은 규칙적인 행동을 보이고, 에이닷에서 날씨를 검색한 이력이 있으며, 네이버 날씨, 케이웨더 등 날씨 관련 어플이나 웹페이지 경험이 있고, 야외에 나가기 전 날씨 정보가 필요한 고객","{""titleTextPolite"":""출근길 날은 흐리지만<br>미세먼지는 괜찮아요"",""contents"":""{{CARD_TODAY_WEATHER}}"",""description"":""출퇴근 패턴 혹은 규칙적인 행동을 보이고, 에이닷에서 날씨를 검색한 이력이 있으며, 네이버 날씨, 케이웨더 등 날씨 관련 어플이나 웹페이지 경험이 있고, 야외에 나가기 전 날씨 정보가 필요한 고객""}",weather_6,#직장인#평일#5시~11시#출근길#미세먼지좋음#흐림
62,agentOffering,offering,nudge_4981,EVT_15263,"현재 방학인 학생이고, 에이닷에서 날씨를 검색한 이력이 있으며, 네이버 날씨, 케이웨더 등 날씨 관련 어플이나 웹페이지 경험이 있고, 야외에 나가기 전 날씨 정보가 필요한 고객","{""titleTextPolite"":""날씨도 맑고<br>미세먼지도 괜찮아요<br>즐거운 하루 시작해요"",""contents"":""{{CARD_TODAY_WEATHER}}"",""description"":""현재 방학인 학생이고, 에이닷에서 날씨를 검색한 이력이 있으며, 네이버 날씨, 케이웨더 등 날씨 관련 어플이나 웹페이지 경험이 있고, 야외에 나가기 전 날씨 정보가 필요한 고객""}",weather_38,#학생#방학#5시~11시#평일#미세먼지좋음#맑음
63,agentOffering,offering,nudge_5026,EVT_15168,"골프존, 카카오골프 등 골프 관련 어플이나 웹페이지 경험이 있고, 골프존 마켓, 카카오프렌즈 골프, tdeal 등에서 골프 관련 제품 쇼핑 경험이 있으며, tmap에서 골프 관련 장소를 찾은 적이 있고, 골프 관련 통화내역이 존재하며, 에이닷 미디어에서 골프 관련 영상을 시청한 적이 있는 고객","{""titleTextPolite"":""간단한 레슨과 특별한 경기로<br>골프를 경험해 보세요!"",""contents"":""{{CARD_CHANNEL_YOUTUBE_LIST_운영_25}}"",""description"":""골프존, 카카오골프 등 골프 관련 어플이나 웹페이지 경험이 있고, 골프존 마켓, 카카오프렌즈 골프, tdeal 등에서 골프 관련 제품 쇼핑 경험이 있으며, tmap에서 골프 관련 장소를 찾은 적이 있고, 골프 관련 통화내역이 존재하며, 에이닷 미디어에서 골프 관련 영상을 시청한 적이 있는 고객""}",video_25,#유튜브채널 #JTBC golf #foryou
64,agentOffering,offering,nudge_5016,EVT_15159,"네이버 스포츠, SPOTV NOW, FobMob 등 스포츠 관련 어플이나 웹페이지 경험이 있고, 스포츠와 관련된 게임을 이용한 내역이 있으며, 취미가 스포츠와 관련이 있으며, 응원하는 스포츠팀이 있는 고객","{""titleTextPolite"":""배구 여제 김연경이<br>여자배구 올스타전에서<br>국가대표 은퇴식을 가졌어요"",""contents"":""{{CARD_KEYWORD_YOUTUBE_운영_3}}"",""description"":""네이버 스포츠, SPOTV NOW, FobMob 등 스포츠 관련 어플이나 웹페이지 경험이 있고, 스포츠와 관련된 게임을 이용한 내역이 있으며, 취미가 스포츠와 관련이 있으며, 응원하는 스포츠팀이 있는 고객""}",issue_5_스포츠,#시의성#스포츠#배구#김연경#은퇴식
65,agentOffering,offering,nudge_5031,EVT_15173,"CGV, 롯데시네마, 메가박스 등 영화 예매 어플이나 웹페이지 경험이 있으며, 에이닷 미디어에서 장르 값(로맨스, 액션 등)이 설정된 영상과 드라마 등을 시청한 적이 있는 고객","{""titleTextPolite"":""알지 못했던 명작부터<br>재미있는 장면들까지<br>영상 콘텐츠를 함께 봐요"",""contents"":""{{CARD_CHANNEL_YOUTUBE_LIST_운영_30}}"",""description"":""CGV, 롯데시네마, 메가박스 등 영화 예매 어플이나 웹페이지 경험이 있으며, 에이닷 미디어에서 장르 값(로맨스, 액션 등)이 설정된 영상과 드라마 등을 시청한 적이 있는 고객""}",video_30,#유튜브채널 #지무비 #foryou
66,agentOffering,offering,nudge_5062,EVT_15324,"T 멤버십 사용자이고, 에이닷에서 T 멤버십 혜택을 이용하며, 티월드 모바일 APP, WEB, 혹은 티월드 온라인 경험이 있는 고객","{""titleTextPolite"":""오늘 개봉한 영화가 있어요<br>디즈니와 픽사의 믿음직한<br>작품을 빠르게 예매해 봐요"",""description"":""T 멤버십 사용자이고, 에이닷에서 T 멤버십 혜택을 이용하며, 티월드 모바일 APP, WEB, 혹은 티월드 온라인 경험이 있는 고객""}",tmembership_Day11,TdayDay11 #롯데시네마
67,agentOffering,offering,nudge_4967,EVT_15240,"출퇴근 패턴 혹은 규칙적인 행동을 보이고, 에이닷에서 미세먼지를 검색한 이력이 있으며, 네이버 날씨, 케이웨더 등 날씨 관련 어플이나 웹페이지 경험이 있고, 야외에 나가기 전 날씨 정보가 필요한 고객","{""titleTextPolite"":""나가기 전 확인<br>미세먼지 수치가 나쁘니<br>오늘은 마스크를 꼭 챙겨요"",""contents"":""{{CARD_FINE_DUST}}"",""description"":""출퇴근 패턴 혹은 규칙적인 행동을 보이고, 에이닷에서 미세먼지를 검색한 이력이 있으며, 네이버 날씨, 케이웨더 등 날씨 관련 어플이나 웹페이지 경험이 있고, 야외에 나가기 전 날씨 정보가 필요한 고객""}",weather_40,#미세먼지 나쁨 #직장인 #오전
68,agentOffering,offering,nudge_4989,EVT_15275,"특정한 행동 패턴이 없고, 에이닷에서 비가 오는지 검색한 이력이 있으며, 네이버 날씨, 케이웨더 등 날씨 관련 어플이나 웹페이지 경험이 있고, 야외에 나가기 전 날씨 정보가 필요한 고객","{""titleTextPolite"":""오늘은 비 소식이 있어요<br>밖에 나갈 때<br>우산 챙기세요"",""contents"":""{{CARD_HOURLY_WEATHER}}"",""description"":""특정한 행동 패턴이 없고, 에이닷에서 비가 오는지 검색한 이력이 있으며, 네이버 날씨, 케이웨더 등 날씨 관련 어플이나 웹페이지 경험이 있고, 야외에 나가기 전 날씨 정보가 필요한 고객""}",weather_21,#비오는 날 #기타
69,agentOffering,offering,nudge_5064,EVT_15326,"T 멤버십 사용자이고, 에이닷에서 T 멤버십 혜택을 이용하며, 티월드 모바일 APP, WEB, 혹은 티월드 온라인 경험이 있는 고객","{""titleTextPolite"":""열대야부터 폭염까지<br>요즘같이 더운 날엔<br>아이스크림이 최고예요"",""description"":""T 멤버십 사용자이고, 에이닷에서 T 멤버십 혜택을 이용하며, 티월드 모바일 APP, WEB, 혹은 티월드 온라인 경험이 있는 고객""}",tmembership_Day13,TdayDay13 #배스킨라빈스
70,agentOffering,offering,nudge_4975,EVT_15252,"등하교 패턴 혹은 규칙적인 행동을 보이고, 에이닷에서 눈이 오는지 검색한 이력이 있으며, 네이버 날씨, 케이웨더 등 날씨 관련 어플이나 웹페이지 경험이 있고, 야외에 나가기 전 날씨 정보가 필요한 고객","{""titleTextPolite"":""학교 가기 전 체크<br>오늘 눈 올 예정입니다"",""contents"":""{{CARD_HOURLY_WEATHER}}"",""description"":""등하교 패턴 혹은 규칙적인 행동을 보이고, 에이닷에서 눈이 오는지 검색한 이력이 있으며, 네이버 날씨, 케이웨더 등 날씨 관련 어플이나 웹페이지 경험이 있고, 야외에 나가기 전 날씨 정보가 필요한 고객""}",weather_10,#눈오는 날 #초/중/고등학생 #등교길
71,agentOffering,offering,nudge_4934,EVT_15127,"출퇴근 패턴 혹은 규칙적인 행동을 보이며, tmap, 카카오T, UT(우티), 카카오맵 등 지도 관련 어플을 이용하고, tmap에서 교통 편의 관련 검색을 사용했으며, navigation/경로 정보가 필요한 고객","{""titleTextPolite"":""오늘도 회사 가는 날?<br>월요일 출근길은<br>혼잡하니 일찍 출발해요"",""contents"":""{{CARD_TMAP_OFFICE}}"",""description"":""출퇴근 패턴 혹은 규칙적인 행동을 보이며, tmap, 카카오T, UT(우티), 카카오맵 등 지도 관련 어플을 이용하고, tmap에서 교통 편의 관련 검색을 사용했으며, navigation/경로 정보가 필요한 고객""}",mobility_7,#모빌리티#모빌리티 패턴#회사#14세이상#월요일
72,agentOffering,offering,nudge_4970,EVT_15243,"출퇴근 패턴 혹은 규칙적인 행동을 보이고, 에이닷에서 눈이 오는지 검색한 이력이 있으며, 네이버 날씨, 케이웨더 등 날씨 관련 어플이나 웹페이지 경험이 있고, 야외에 나가기 전 날씨 정보가 필요한 고객","{""titleTextPolite"":""출근 전에 체크<br>오늘 눈 올 예정입니다"",""contents"":""{{CARD_HOURLY_WEATHER}}"",""description"":""출퇴근 패턴 혹은 규칙적인 행동을 보이고, 에이닷에서 눈이 오는지 검색한 이력이 있으며, 네이버 날씨, 케이웨더 등 날씨 관련 어플이나 웹페이지 경험이 있고, 야외에 나가기 전 날씨 정보가 필요한 고객""}",weather_4,#눈오는 날 #직장인 #출근 전
73,agentOffering,offering,nudge_5044,EVT_15183,"FLO, 멜론, 스포티파이 등 음악 관련 어플이나 웹페이지 경험이 있고, 음악, 공연, 노래와 관련된 전화내역이 있으며, tmap에서 해당 관련 시설을 찾은 적이 있고, tdeal에서 스피커, 턴테이블 등 음향 기기에 관심이 있으며, 에이닷에서 뮤직 기능을 사용한 적 있고, 선호하는 아티스트가 있는 고객","{""titleTextPolite"":""이건 꼭 들어봐야 해요<br>관심 있을 만한<br>아티스트를 모아봤어요"",""contents"":""{{CARD_ARTIST_MIX}}"",""description"":""FLO, 멜론, 스포티파이 등 음악 관련 어플이나 웹페이지 경험이 있고, 음악, 공연, 노래와 관련된 전화내역이 있으며, tmap에서 해당 관련 시설을 찾은 적이 있고, tdeal에서 스피커, 턴테이블 등 음향 기기에 관심이 있으며, 에이닷에서 뮤직 기능을 사용한 적 있고, 선호하는 아티스트가 있는 고객""}",music_1,#아티스트 믹스 추천#평일#저녁
74,agentOffering,offering,nudge_4985,EVT_15269,"에이닷에서 눈이 오는지 검색한 이력이 있으며, 네이버 날씨, 케이웨더 등 날씨 관련 어플이나 웹페이지 경험이 있고, 야외에 나가기 전 날씨 정보가 필요한 고객","{""titleTextPolite"":""오늘은 눈 오는 날<br>실내에서 따뜻하게<br>지내는 것도 좋아요"",""contents"":""{{CARD_HOURLY_WEATHER}}"",""description"":""에이닷에서 눈이 오는지 검색한 이력이 있으며, 네이버 날씨, 케이웨더 등 날씨 관련 어플이나 웹페이지 경험이 있고, 야외에 나가기 전 날씨 정보가 필요한 고객""}",weather_16,"#눈오는 날 #직장인, 학생 #주말"
75,agentOffering,offering,nudge_4950,EVT_15217,"여행지에 있고, 에이닷에서 음식점/카페 검색 이력이 있으며, 음식점/카페 관련 웹 검색을 했고, 에이닷 혼잡도 기록이 있으며, 근처 음식점/카페가 궁금할 것 같은 고객","{""titleTextPolite"":""디저트와 커피로<br>발렌타인 데이를<br>달콤하게 채워요"",""contents"":""{{CARD_RECOMMEND_RESTAURANT_04}}"",""description"":""여행지에 있고, 에이닷에서 음식점/카페 검색 이력이 있으며, 음식점/카페 관련 웹 검색을 했고, 에이닷 혼잡도 기록이 있으며, 근처 음식점/카페가 궁금할 것 같은 고객""}",restaurant_4,#음식점추천 #주말 #카페
76,agentOffering,offering,nudge_5046,EVT_15185,"FLO, 멜론, 스포티파이 등 음악 관련 어플이나 웹페이지 경험이 있고, 음악, 공연, 노래와 관련된 전화 내역이 있으며, tmap에서 해당 관련 시설을 찾은 적이 있고, tdeal에서 스피커, 턴테이블 등 음향 기기에 관심이 있으며, 에이닷에서 뮤직 기능을 사용해 본 고객","{""titleTextPolite"":""{{ADOT_USER_NAME+을/를}} 위한 추천!<br>지금 시간에 딱인<br>노래들을 골라봤어요!"",""contents"":""{{CARD_HOURLY_RECOMMEND_MUSIC}}"",""description"":""FLO, 멜론, 스포티파이 등 음악 관련 어플이나 웹페이지 경험이 있고, 음악, 공연, 노래와 관련된 전화 내역이 있으며, tmap에서 해당 관련 시설을 찾은 적이 있고, tdeal에서 스피커, 턴테이블 등 음향 기기에 관심이 있으며, 에이닷에서 뮤직 기능을 사용해 본 고객""}",music_74,#뮤직#시간대별추천음악
77,agentOffering,offering,nudge_5022,EVT_15164,"네이버 스포츠, 스포티비 나우, KBL, NBA Mania 등 스포츠 관련 어플이나 웹페이지 경험이 있고, 스포윈 라이브스코어, 벳맨 등 스포츠 결과 및 분석 관련 어플이나 웹페이지 경험이 있으며, tdeal에서 농구 관련 제품에 관심이 있고, 에이닷에 프로농구 응원팀을 보유했으며, 에이닷 미디어에서 프로농구 관련 영상을 시청한 고객","{""titleTextPolite"":""호쾌한 덩크, 화려한 패스<br>NBA 최신 영상을 만나보세요"",""contents"":""{{CARD_CHANNEL_YOUTUBE_LIST_운영_21}}"",""description"":""네이버 스포츠, 스포티비 나우, KBL, NBA Mania 등 스포츠 관련 어플이나 웹페이지 경험이 있고, 스포윈 라이브스코어, 벳맨 등 스포츠 결과 및 분석 관련 어플이나 웹페이지 경험이 있으며, tdeal에서 농구 관련 제품에 관심이 있고, 에이닷에 프로농구 응원팀을 보유했으며, 에이닷 미디어에서 프로농구 관련 영상을 시청한 고객""}",video_21,#유튜브#NBA채널#모든연령대남성#프로농구선호여성
78,agentOffering,offering,nudge_4947,EVT_15136,"현재 위치 주변에 가볼 만한 곳을 찾고 있고, 에이닷 혼잡도 검색 이력이 있으며, tmap에서 여행/레저 관련 장소를 검색했고, 낚시, 골프, 승마 등 아웃도어 스포츠/레저 전화 이력이 있는 고객","{""titleTextPolite"":""현재 위치 주변<br>가볼 만한 곳<br>추천해요"",""contents"":""{{CARD_CURRENT_PLACE_CONGESTION}}"",""description"":""현재 위치 주변에 가볼 만한 곳을 찾고 있고, 에이닷 혼잡도 검색 이력이 있으며, tmap에서 여행/레저 관련 장소를 검색했고, 낚시, 골프, 승마 등 아웃도어 스포츠/레저 전화 이력이 있는 고객""}",congestion_2,#장소혼잡도 #내 위치 주변 #INFO
79,agentOffering,offering,nudge_5004,EVT_15283,"KBS 콩, SBS 고릴라, 팟빵 등 라디오 관련 어플이나 웹페이지 경험이 있고, 에이닷 라디오에 즐겨찾기를 등록했으며, 라디오를 자주 듣고, 에이닷에서 라디오를 청취한 이력이 있는 고객","{""titleTextPolite"":""해가 지면 생각나는<br>감성 넘치는 라디오<br>오늘도 들어볼까요?"",""contents"":""{{CARD_FAVORITE_RADIO}}"",""description"":""KBS 콩, SBS 고릴라, 팟빵 등 라디오 관련 어플이나 웹페이지 경험이 있고, 에이닷 라디오에 즐겨찾기를 등록했으며, 라디오를 자주 듣고, 에이닷에서 라디오를 청취한 이력이 있는 고객""}",radio_1,#라디오 #즐겨찾기
80,agentOffering,offering,nudge_5012,EVT_15158,"CGV, 롯데시네마, 메가박스 등 영화 예매 어플이나 웹페이지 경험이 있으며, 에이닷 미디어에서 장르 값(로맨스, 액션 등)이 설정된 영상과 드라마 등을 시청한 적이 있는 고객","{""titleTextPolite"":""새로운 감정들이 몰려온다<br>픽사의 인사이드 아웃2<br>오늘 개봉했어요"",""contents"":""{{CARD_KEYWORD_YOUTUBE_운영_2}}"",""description"":""CGV, 롯데시네마, 메가박스 등 영화 예매 어플이나 웹페이지 경험이 있으며, 에이닷 미디어에서 장르 값(로맨스, 액션 등)이 설정된 영상과 드라마 등을 시청한 적이 있는 고객""}",issue_2_영화,#시의성#영화#인사이드아웃2#12~21시
81,agentOffering,offering,nudge_4935,EVT_15128,"출퇴근 패턴 혹은 규칙적인 행동을 보이며, tmap, 카카오T, UT(우티), 카카오맵 등 지도 관련 어플을 이용하고, tmap에서 교통 편의 관련 검색을 사용했으며, navigation/경로 정보가 필요한 고객","{""titleTextPolite"":""오늘도 회사 가는 날이에요?<br>최적의 경로를 이용해<br>편안하게 운전하세요"",""contents"":""{{CARD_TMAP_OFFICE}}"",""description"":""출퇴근 패턴 혹은 규칙적인 행동을 보이며, tmap, 카카오T, UT(우티), 카카오맵 등 지도 관련 어플을 이용하고, tmap에서 교통 편의 관련 검색을 사용했으며, navigation/경로 정보가 필요한 고객""}",mobility_10,#모빌리티#모빌리티 패턴#회사#14세이상#화~일요일
82,agentOffering,offering,nudge_5033,EVT_15175,"에이닷 수면 분석을 사용하며, 지난밤 수면 분석을 받았고, 삼성 헬스, 인바디 같은 건강 관련 어플이나 웹페이지 경험이 있으며, tdeal의 수면 제품에 관심이 많은 고객","{""titleTextPolite"":""깊은 수면 부족했던 어젯밤<br>오늘은 깊게 잠들 수 있게<br>요가로 릴랙스해 봐요"",""contents"":""{{CARD_KEYWORD_YOUTUBE_LIST_운영_11}}"",""description"":""에이닷 수면 분석을 사용하며, 지난밤 수면 분석을 받았고, 삼성 헬스, 인바디 같은 건강 관련 어플이나 웹페이지 경험이 있으며, tdeal의 수면 제품에 관심이 많은 고객""}",sleep_12,"#sleep #깊은 수면 부족 #요가, 명상 콘텐츠 추천"
83,agentOffering,offering,nudge_5039,EVT_15305,tdeal 추천 상품이 있는 고객,"{""titleTextPolite"":""{{ADOT_USER_NAME}} 님에게 맞는<br>T deal 맞춤 상품을<br>준비해 봤어요"",""contents"":""{{CARD_TDEAL_RECOMMEND_PRODUCT}}"",""description"":""tdeal 추천 상품이 있는 고객""}",tdeal_1,#tdeal #now
84,agentOffering,offering,nudge_5052,EVT_15314,"T 멤버십 사용자이고, 에이닷에서 T 멤버십 혜택을 이용하며, 티월드 모바일 APP, WEB, 혹은 티월드 온라인 경험이 있는 고객","{""titleTextPolite"":""점심 메뉴가 고민일 때<br>가성비 좋은 햄버거 세트로<br>간편하게 해결해 봐요"",""description"":""T 멤버십 사용자이고, 에이닷에서 T 멤버십 혜택을 이용하며, 티월드 모바일 APP, WEB, 혹은 티월드 온라인 경험이 있는 고객""}",tmembership_Week12,TdayWeek12 #롯데리아
85,agentOffering,offering,nudge_4957,EVT_15226,"네이버 날씨, 케이웨더 등 날씨 관련 어플이나 웹페이지 경험이 있고, 한 주의 날씨가 궁금하며, 주의보/경보가 발효된 지역의 고객","{""titleTextPolite"":""우산 꼭 챙기세요<br>{{SEVERE_WEATHER}}{{SEVERE_WEATHER_STRESS_CODE}} 발효 중"",""contents"":""{{CARD_TODAY_WEATHER}}"",""description"":""네이버 날씨, 케이웨더 등 날씨 관련 어플이나 웹페이지 경험이 있고, 한 주의 날씨가 궁금하며, 주의보/경보가 발효된 지역의 고객""}",weather_26,#날씨#호우주의보/경보
86,agentOffering,offering,nudge_4969,EVT_15242,"출퇴근 패턴 혹은 규칙적인 행동을 보이고, 에이닷에서 비가 오는지 검색한 이력이 있으며, 네이버 날씨, 케이웨더 등 날씨 관련 어플이나 웹페이지 경험이 있고, 야외에 나가기 전 날씨 정보가 필요한 고객","{""titleTextPolite"":""오늘은 비 소식이 있어요<br>우산 꼭 챙겨 나가요"",""contents"":""{{CARD_HOURLY_WEATHER}}"",""description"":""출퇴근 패턴 혹은 규칙적인 행동을 보이고, 에이닷에서 비가 오는지 검색한 이력이 있으며, 네이버 날씨, 케이웨더 등 날씨 관련 어플이나 웹페이지 경험이 있고, 야외에 나가기 전 날씨 정보가 필요한 고객""}",weather_41,#비오는 날 #직장인 #오전
87,agentOffering,offering,nudge_4954,EVT_15219,"여행지에 있고, 에이닷에서 음식점/카페 검색 이력이 있으며, 음식점/카페 관련 웹 검색을 했고, 에이닷 혼잡도 기록이 있으며, 근처 음식점/카페가 궁금할 것 같은 고객","{""titleTextPolite"":""점심 식사 후 힐링 시간<br>당신의 기분을 높여줄<br>카페 찾아왔어요"",""contents"":""{{CARD_RECOMMEND_RESTAURANT_02}}"",""description"":""여행지에 있고, 에이닷에서 음식점/카페 검색 이력이 있으며, 음식점/카페 관련 웹 검색을 했고, 에이닷 혼잡도 기록이 있으며, 근처 음식점/카페가 궁금할 것 같은 고객""}",restaurant_2,#직장인#평일#카페추천
88,agentOffering,offering,nudge_5010,EVT_15293,"CGV, 롯데시네마, 메가박스 등 영화 예매 어플이나 웹페이지 경험이 있으며, 영화 관련 통화내역이 있고, tmap에서 영화 관련 장소를 검색했으며, 에이닷 미디어에서 장르 값(로맨스, 액션 등)이 설정된 영상을 시청한 적이 있는 고객","{""titleTextPolite"":""위클리 무비 업데이트<br>이번 주말에는 재미있는<br>영화 한 편 어때요?"",""contents"":""{{CARD_WEEKLY_MOVIE}}"",""description"":""CGV, 롯데시네마, 메가박스 등 영화 예매 어플이나 웹페이지 경험이 있으며, 영화 관련 통화내역이 있고, tmap에서 영화 관련 장소를 검색했으며, 에이닷 미디어에서 장르 값(로맨스, 액션 등)이 설정된 영상을 시청한 적이 있는 고객""}",atv_1,"#atv#위클리무비#금요일,주말"
89,agentOffering,offering,nudge_5051,EVT_15313,"T 멤버십 사용자이고, 에이닷에서 T 멤버십 혜택을 이용하며, 티월드 모바일 APP, WEB, 혹은 티월드 온라인 경험이 있는 고객","{""titleTextPolite"":""5월은 가정의 달<br>가족들과 함께<br>영화관 나들이는 어때요?"",""description"":""T 멤버십 사용자이고, 에이닷에서 T 멤버십 혜택을 이용하며, 티월드 모바일 APP, WEB, 혹은 티월드 온라인 경험이 있는 고객""}",tmembership_Week11,TdayWeek11 #CGV
90,agentOffering,offering,nudge_4954,EVT_15218,"여행지에 있고, 에이닷에서 음식점/카페 검색 이력이 있으며, 음식점/카페 관련 웹 검색을 했고, 에이닷 혼잡도 기록이 있으며, 근처 음식점/카페가 궁금할 것 같은 고객","{""titleTextPolite"":""점심 식사 후 힐링 시간<br>당신의 기분을 높여줄<br>카페 찾아왔어요"",""description"":""여행지에 있고, 에이닷에서 음식점/카페 검색 이력이 있으며, 음식점/카페 관련 웹 검색을 했고, 에이닷 혼잡도 기록이 있으며, 근처 음식점/카페가 궁금할 것 같은 고객""}",restaurant_2,#직장인#평일#카페추천
91,agentOffering,offering,nudge_4999,EVT_15151,"평소보다 통화량이 많았고, 에이닷에서 통화 요약에 가입해 해당 기능을 사용했으며, 통화 요약이 생성된 고객","{""titleTextPolite"":""오늘은 통화가 많았어요<br>어떤 통화들이 있었는지<br>한번 확인해 보세요!"",""contents"":""{{CARD_LOTS_OF_CALLBRIEF_BANNER}}"",""description"":""평소보다 통화량이 많았고, 에이닷에서 통화 요약에 가입해 해당 기능을 사용했으며, 통화 요약이 생성된 고객""}",briefing_5,#Info #통화요약 #통화가 많은 날
92,agentOffering,offering,nudge_4983,EVT_15266,"에이닷에서 미세먼지를 검색한 이력이 있으며, 네이버 날씨, 케이웨더 등 날씨 관련 어플이나 웹페이지 경험이 있고, 야외에 나가기 전 날씨 정보가 필요한 고객","{""titleTextPolite"":""미세먼지 나쁨이에요<br>되도록 실내에서<br>편히 보내세요"",""contents"":""{{CARD_FINE_DUST}}"",""description"":""에이닷에서 미세먼지를 검색한 이력이 있으며, 네이버 날씨, 케이웨더 등 날씨 관련 어플이나 웹페이지 경험이 있고, 야외에 나가기 전 날씨 정보가 필요한 고객""}",weather_13,"#미세먼지 나쁨 #직장인, 학생 #주말"
93,agentOffering,offering,nudge_4990,EVT_15276,"특정한 행동 패턴이 없고, 에이닷에서 눈이 오는지 검색한 이력이 있으며, 네이버 날씨, 케이웨더 등 날씨 관련 어플이나 웹페이지 경험이 있고, 야외에 나가기 전 날씨 정보가 필요한 고객","{""titleTextPolite"":""오늘은 눈이 올 거예요<br>옷 따뜻하게 입고 나가요"",""contents"":""{{CARD_HOURLY_WEATHER}}"",""description"":""특정한 행동 패턴이 없고, 에이닷에서 눈이 오는지 검색한 이력이 있으며, 네이버 날씨, 케이웨더 등 날씨 관련 어플이나 웹페이지 경험이 있고, 야외에 나가기 전 날씨 정보가 필요한 고객""}",weather_22,#눈오는 날 #기타
94,agentOffering,offering,nudge_5069,EVT_15331,"T 멤버십 사용자이고, 에이닷에서 T 멤버십 혜택을 이용하며, 티월드 모바일 APP, WEB, 혹은 티월드 온라인 경험이 있는 고객","{""titleTextPolite"":""오늘 저녁 메뉴는 정했나요?<br>아직도 고민하고 있다면<br>토핑 가득한 피자 어때요?"",""description"":""T 멤버십 사용자이고, 에이닷에서 T 멤버십 혜택을 이용하며, 티월드 모바일 APP, WEB, 혹은 티월드 온라인 경험이 있는 고객""}",tmembership_Day32,TdayDay32#도미노피자
95,agentOffering,offering,nudge_4951,EVT_15138,"여행지에 있고, 에이닷에서 음식점/카페 검색 이력이 있으며, 음식점/카페 관련 웹 검색을 했고, 에이닷 혼잡도 기록이 있으며, 근처 음식점/카페가 궁금할 것 같은 고객","{""titleTextPolite"":""주말 저녁 꿀맛 보장<br>주변의 다양한 음식점을<br>골라서 추천해 줄게요"",""contents"":""{{CARD_RECOMMEND_RESTAURANT_08}}"",""description"":""여행지에 있고, 에이닷에서 음식점/카페 검색 이력이 있으며, 음식점/카페 관련 웹 검색을 했고, 에이닷 혼잡도 기록이 있으며, 근처 음식점/카페가 궁금할 것 같은 고객""}",restaurant_8,#음식점추천 #주말 #저녁
96,agentOffering,offering,nudge_5014,EVT_15299,"에이닷 내에서 뉴스 관련 청취 및 시청 이력이 있고, 네이버 뉴스, 연합뉴스, 조선일보 등 뉴스 관련 어플과 웹페이지 경험이 있는 고객","{""titleTextPolite"":""4년에 한 번 돌아오는<br>2월의 29번째 날<br>오늘은 윤년일이에요!"",""contents"":""{{CARD_ISSUE_CALENDAR}}"",""description"":""에이닷 내에서 뉴스 관련 청취 및 시청 이력이 있고, 네이버 뉴스, 연합뉴스, 조선일보 등 뉴스 관련 어플과 웹페이지 경험이 있는 고객""}",issue_4_사회,#시의성#사회#제22대 국회 임기 시작#10시~20시
97,agentOffering,offering,nudge_4949,EVT_15137,"여행지에 있고, 에이닷에서 음식점/카페 검색 이력이 있으며, 음식점/카페 관련 웹 검색을 했고, 에이닷 혼잡도 기록이 있으며, 근처 음식점/카페가 궁금할 것 같은 고객","{""titleTextPolite"":""오늘 점심은 뭐 먹을까요?<br>현재 위치 주변 음식점을<br>골라서 찾아봤어요"",""contents"":""{{CARD_RECOMMEND_RESTAURANT_03}}"",""description"":""여행지에 있고, 에이닷에서 음식점/카페 검색 이력이 있으며, 음식점/카페 관련 웹 검색을 했고, 에이닷 혼잡도 기록이 있으며, 근처 음식점/카페가 궁금할 것 같은 고객""}",restaurant_3,#음식점추천 #주말 #점심
98,agentOffering,offering,nudge_4953,EVT_15140,"여행지에 있고, 에이닷에서 음식점/카페 검색 이력이 있으며, 음식점/카페 관련 웹 검색을 했고, 에이닷 혼잡도 기록이 있으며, 근처 음식점/카페가 궁금할 것 같은 고객","{""titleTextPolite"":""배고픔이 느껴져요<br>주변에서 음식점을<br>찾아보는 건 어때요?"",""contents"":""{{CARD_RECOMMEND_RESTAURANT_07}}"",""description"":""여행지에 있고, 에이닷에서 음식점/카페 검색 이력이 있으며, 음식점/카페 관련 웹 검색을 했고, 에이닷 혼잡도 기록이 있으며, 근처 음식점/카페가 궁금할 것 같은 고객""}",restaurant_7,#음식점추천 #일반인 #저녁
99,agentOffering,offering,nudge_5002,EVT_15154,"KBS 콩, SBS 고릴라, 팟빵 등 라디오 관련 어플이나 웹페이지 경험이 있고, 에이닷 라디오에 선호 채널이 있으며, 라디오를 자주 듣고, 에이닷에서 라디오를 청취한 이력이 있는 고객","{""titleTextPolite"":""라디오 들으러 왔어요?<br>{{ADOT_USER_NAME+이/가}} 좋아하는<br>이 채널 추천해요"",""contents"":""{{CARD_RADIO_17}}"",""description"":""KBS 콩, SBS 고릴라, 팟빵 등 라디오 관련 어플이나 웹페이지 경험이 있고, 에이닷 라디오에 선호 채널이 있으며, 라디오를 자주 듣고, 에이닷에서 라디오를 청취한 이력이 있는 고객""}",radio_19,#라디오#라디오 선호 Entity 보유
100,agentOffering,offering,nudge_4938,EVT_15131,"출퇴근 패턴 혹은 규칙적인 행동을 보이며, tmap, 카카오T, UT(우티), 카카오맵 등 지도 관련 어플을 이용하고, tmap에서 교통 편의 관련 검색을 사용했으며, navigation/경로 정보가 필요하고, tmap, 패턴, 여행지 위치 확인 등으로 행동 로그를 유추하여 야외에 나가기 전 날씨 정보가 필요한 고객","{""titleTextPolite"":""오늘은 비가 와요<br>혹시 차로 이동한다면<br>좀 더 일찍 출발하세요"",""contents"":""{{CARD_TMAP_GENERAL}}"",""description"":""출퇴근 패턴 혹은 규칙적인 행동을 보이며, tmap, 카카오T, UT(우티), 카카오맵 등 지도 관련 어플을 이용하고, tmap에서 교통 편의 관련 검색을 사용했으며, navigation/경로 정보가 필요하고, tmap, 패턴, 여행지 위치 확인 등으로 행동 로그를 유추하여 야외에 나가기 전 날씨 정보가 필요한 고객""}",mobility_3,#모빌리티#모빌리티 패턴 #비오는 날#14세이상
101,agentOffering,offering,nudge_4958,EVT_15228,"네이버 날씨, 케이웨더 등 날씨 관련 어플이나 웹페이지 경험이 있고, 한 주의 날씨가 궁금하며, 주의보/경보가 발효된 지역의 고객","{""titleTextPolite"":""눈이 쏟아지는 날<br>{{SEVERE_WEATHER}}{{SEVERE_WEATHER_STRESS_CODE}} 발효 중"",""contents"":""{{CARD_TODAY_WEATHER}}"",""description"":""네이버 날씨, 케이웨더 등 날씨 관련 어플이나 웹페이지 경험이 있고, 한 주의 날씨가 궁금하며, 주의보/경보가 발효된 지역의 고객""}",weather_27,#날씨#대설주의보/경보
102,agentOffering,offering,nudge_4980,EVT_15261,"현재 방학인 학생이고, 에이닷에서 눈이 오는지 검색한 이력이 있으며, 네이버 날씨, 케이웨더 등 날씨 관련 어플이나 웹페이지 경험이 있고, 야외에 나가기 전 날씨 정보가 필요한 고객","{""titleTextPolite"":""오늘은 눈이 올 거예요<br>따뜻하게 입고 나가세요"",""contents"":""{{CARD_HOURLY_WEATHER}}"",""description"":""현재 방학인 학생이고, 에이닷에서 눈이 오는지 검색한 이력이 있으며, 네이버 날씨, 케이웨더 등 날씨 관련 어플이나 웹페이지 경험이 있고, 야외에 나가기 전 날씨 정보가 필요한 고객""}",weather_37,#눈오는 날 #초/중/고등학생 #방학기간
103,agentOffering,offering,nudge_4995,EVT_15148,"업비트, 삼성증권, 한국투자증권 등 주식 관련 어플이나 웹페이지 경험이 있고, 에이닷 증권에 등록한 관심 종목의 현재가가 궁금한 고객","{""titleTextPolite"":""점심시간<br>내 관심 종목 현재가를<br>확인해 보세요"",""contents"":""{{CARD_STOCK_CURRENT_PRICE}}"",""description"":""업비트, 삼성증권, 한국투자증권 등 주식 관련 어플이나 웹페이지 경험이 있고, 에이닷 증권에 등록한 관심 종목의 현재가가 궁금한 고객""}",stock_5,#증권#관심종목 현재가 #관심종목 보유자 #주중#점심시간
104,agentOffering,offering,nudge_5029,EVT_15171,"동물 관련 통화내역이 있고, tmap에서 동물 관련 시설을 찾은 적이 있으며, tdeal에서 반려동물 관련 제품에 관심이 있는 고객","{""titleTextPolite"":""미워할 수 없는<br>동물들의 이야기를<br>함께 들여다볼까요?"",""contents"":""{{CARD_CHANNEL_YOUTUBE_LIST_운영_28}}"",""description"":""동물 관련 통화내역이 있고, tmap에서 동물 관련 시설을 찾은 적이 있으며, tdeal에서 반려동물 관련 제품에 관심이 있는 고객""}",video_28,#유튜브채널 #애니멀봐 #foryou
105,agentOffering,offering,nudge_4963,EVT_15237,"네이버 날씨, 케이웨더 등 날씨 관련 어플이나 웹페이지 경험이 있고, 한 주의 날씨가 궁금할 것 같은 고객","{""titleTextPolite"":""일요일 저녁<br>다음 주 주간 날씨 보고<br>한 주를 준비해요"",""contents"":""{{CARD_WEEKLY_WEATHER}}"",""description"":""네이버 날씨, 케이웨더 등 날씨 관련 어플이나 웹페이지 경험이 있고, 한 주의 날씨가 궁금할 것 같은 고객""}",weather_32,#주간날씨 #월요일 오전 #일요일 저녁
106,agentOffering,offering,nudge_5066,EVT_15328,"T 멤버십 사용자이고, 에이닷에서 T 멤버십 혜택을 이용하며, 티월드 모바일 APP, WEB, 혹은 티월드 온라인 경험이 있는 고객","{""titleTextPolite"":""휴일에 영화 한 편 어때요?<br>영화 정보 확인하고<br>T day 혜택으로 즐겨봐요"",""description"":""T 멤버십 사용자이고, 에이닷에서 T 멤버십 혜택을 이용하며, 티월드 모바일 APP, WEB, 혹은 티월드 온라인 경험이 있는 고객""}",tmembership_Day22,TdayDay22 #메가박스
107,agentOffering,offering,nudge_4948,EVT_15207,"여행지에 있고, 에이닷에서 음식점/카페 검색 이력이 있으며, 음식점/카페 관련 웹 검색을 했고, 에이닷 혼잡도 기록이 있으며, 근처 음식점/카페가 궁금할 것 같은 고객","{""titleTextPolite"":""식사 시간이 다가왔어요<br>주변 음식점을<br>찾아볼까요?"",""contents"":""{{CARD_RECOMMEND_RESTAURANT_01}}"",""description"":""여행지에 있고, 에이닷에서 음식점/카페 검색 이력이 있으며, 음식점/카페 관련 웹 검색을 했고, 에이닷 혼잡도 기록이 있으며, 근처 음식점/카페가 궁금할 것 같은 고객""}",restaurant_1,#맛집추천 #직장인
108,agentOffering,offering,nudge_4991,EVT_15144,"특정한 행동 패턴이 없고, 에이닷에서 날씨를 검색한 이력이 있으며, 네이버 날씨, 케이웨더 등 날씨 관련 어플이나 웹페이지 경험이 있고, 야외에 나가기 전 날씨 정보가 필요한 고객","{""titleTextPolite"":""날씨 맑고 미세먼지 괜찮아!<br>즐거운 하루 시작!"",""contents"":""{{CARD_TODAY_WEATHER}}"",""description"":""특정한 행동 패턴이 없고, 에이닷에서 날씨를 검색한 이력이 있으며, 네이버 날씨, 케이웨더 등 날씨 관련 어플이나 웹페이지 경험이 있고, 야외에 나가기 전 날씨 정보가 필요한 고객""}",weather_23,"#직장인,학생이외#5시~11시#평일#미세먼지좋음#맑음"
109,agentOffering,offering,nudge_5041,EVT_15309,"FLO, 멜론, 스포티파이 등 음악 관련 어플이나 웹페이지 경험이 있고, 음악, 공연, 노래와 관련된 전화 내역이 있으며, tmap에서 해당 관련 시설을 찾은 적이 있고, tdeal에서 스피커, 턴테이블 등 음향 기기에 관심이 있으며, 에이닷에서 뮤직 기능을 사용한 적 있고, 선호하는 음악 스타일이 있는 고객","{""titleTextPolite"":""2024 대학수학능력시험<br>수험생 여러분을<br>응원합니다"",""contents"":""{{CARD_RECOMMEND_GENRE_MUSIC_21}}"",""description"":""FLO, 멜론, 스포티파이 등 음악 관련 어플이나 웹페이지 경험이 있고, 음악, 공연, 노래와 관련된 전화 내역이 있으며, tmap에서 해당 관련 시설을 찾은 적이 있고, tdeal에서 스피커, 턴테이블 등 음향 기기에 관심이 있으며, 에이닷에서 뮤직 기능을 사용한 적 있고, 선호하는 음악 스타일이 있는 고객""}",music_21,#선호 장르 기반 음악 추천
110,agentOffering,offering,nudge_4940,EVT_15133,"모빌리티 패턴 혹은 규칙적인 행동을 보이며, tmap, 카카오T, UT(우티), 카카오맵 등 지도 관련 어플을 이용하고, tmap에서 교통 편의 관련 검색을 사용했으며, navigation/경로 정보가 필요한 고객","{""titleTextPolite"":""곧 이동할 시간이죠?<br>언제나 안전 운전하기<br>잊지 마세요"",""contents"":""{{CARD_TMAP_NOT_HOME_OFFICE}}"",""description"":""모빌리티 패턴 혹은 규칙적인 행동을 보이며, tmap, 카카오T, UT(우티), 카카오맵 등 지도 관련 어플을 이용하고, tmap에서 교통 편의 관련 검색을 사용했으며, navigation/경로 정보가 필요한 고객""}",mobility_1,#모빌리티#모빌리티 패턴 #기타#14세이상#18시이전
111,agentOffering,offering,nudge_4945,EVT_15203,"에버랜드, 롯데월드 등 테마파크 관련 통화내역 및 tmap 기록이 있으며, 롯데백화점, 신세계백화점 등 백화점 관련 통화내역 및 tmap 기록이 있고, 이마트, 롯데마트 등 대형마트 관련 통화내역 및 tmap 기록이 있으며, 주말에 자주 방문하는 장소의 혼잡도가 궁금하고, 에이닷에 혼잡도 검색 기록이 있는 고객","{""titleTextPolite"":""오늘 하루 자주 방문하는<br>장소의 혼잡도를 알려줄게요<br>체크하고 방문하기"",""contents"":""{{CARD_FAVORITE_PLACE_CONGESTION_SUNDAY}}"",""description"":""에버랜드, 롯데월드 등 테마파크 관련 통화내역 및 tmap 기록이 있으며, 롯데백화점, 신세계백화점 등 백화점 관련 통화내역 및 tmap 기록이 있고, 이마트, 롯데마트 등 대형마트 관련 통화내역 및 tmap 기록이 있으며, 주말에 자주 방문하는 장소의 혼잡도가 궁금하고, 에이닷에 혼잡도 검색 기록이 있는 고객""}",congestion_6,#자주 방문하는 장소 #장소 혼잡도 #일요일 당일 #INFO
112,agentOffering,offering,nudge_5034,EVT_15176,"에이닷 수면 분석을 사용하며, 지난밤 수면 분석을 받았고, 삼성 헬스, 인바디 같은 건강 관련 어플이나 웹페이지 경험이 있으며, tdeal의 수면 제품에 관심이 많은 고객","{""titleTextPolite"":""어젯밤에는 자주 깼어요<br>요가로 피로를 풀고<br>깊은 수면을 경험하세요!"",""contents"":""{{CARD_KEYWORD_YOUTUBE_LIST_운영_11}}"",""description"":""에이닷 수면 분석을 사용하며, 지난밤 수면 분석을 받았고, 삼성 헬스, 인바디 같은 건강 관련 어플이나 웹페이지 경험이 있으며, tdeal의 수면 제품에 관심이 많은 고객""}",sleep_13,"#sleep #자주 깸 #요가, 명상 콘텐츠 추천"
113,agentOffering,offering,nudge_5056,EVT_15318,"T 멤버십 사용자이고, 에이닷에서 T 멤버십 혜택을 이용하며, 티월드 모바일 APP, WEB, 혹은 티월드 온라인 경험이 있는 고객","{""titleTextPolite"":""올해가 가기 전에<br>마음 따뜻해지는<br>영화 한 편 어때요?"",""description"":""T 멤버십 사용자이고, 에이닷에서 T 멤버십 혜택을 이용하며, 티월드 모바일 APP, WEB, 혹은 티월드 온라인 경험이 있는 고객""}",tmembership_Week16,TdayWeek16
114,agentOffering,offering,nudge_5061,EVT_15323,"T 멤버십 사용자이고, 에이닷에서 T 멤버십 혜택을 이용하며, 티월드 모바일 APP, WEB, 혹은 티월드 온라인 경험이 있는 고객","{""titleTextPolite"":""test"",""description"":""T 멤버십 사용자이고, 에이닷에서 T 멤버십 혜택을 이용하며, 티월드 모바일 APP, WEB, 혹은 티월드 온라인 경험이 있는 고객""}",tmembership_Week25,TdayWeek25 #배민 #처갓집
115,agentOffering,offering,nudge_4965,EVT_15143,"tmap에서 세차, 자동차용품 관련 장소를 검색했고, 세차, 자동차용품 관련 전화 기록이 있으며, tdeal, 11번가 등에서 세차, 자동차용품 관련 검색을 했고, 자동차에 관심이 많은 고객","{""titleTextPolite"":""주말 세차 지수 나쁨<br>다음으로 미루세요"",""contents"":""{{CARD_CARWASH_INDEX}}"",""description"":""tmap에서 세차, 자동차용품 관련 장소를 검색했고, 세차, 자동차용품 관련 전화 기록이 있으며, tdeal, 11번가 등에서 세차, 자동차용품 관련 검색을 했고, 자동차에 관심이 많은 고객""}",weather_45,#날씨#세차지수 낮음#30대이상#주말#오전
116,agentOffering,offering,nudge_4977,EVT_15257,"등하교 패턴 혹은 규칙적인 행동을 보이고, 에이닷에서 날씨를 검색한 이력이 있으며, 네이버 날씨, 케이웨더 등 날씨 관련 어플이나 웹페이지 경험이 있고, 야외에 나가기 전 날씨 정보가 필요한 고객","{""titleTextPolite"":""등굣길 흐린 날씨<br>미세먼지는 괜찮아요"",""contents"":""{{CARD_TODAY_WEATHER}}"",""description"":""등하교 패턴 혹은 규칙적인 행동을 보이고, 에이닷에서 날씨를 검색한 이력이 있으며, 네이버 날씨, 케이웨더 등 날씨 관련 어플이나 웹페이지 경험이 있고, 야외에 나가기 전 날씨 정보가 필요한 고객""}",weather_12,#학생#학기중#5시~11시#평일#등교길#미세먼지좋음#흐림
117,agentOffering,offering,nudge_5043,EVT_15182,"FLO, 멜론, 스포티파이 등 음악 관련 어플이나 웹페이지 경험이 있고, 음악, 공연, 노래와 관련된 전화 내역이 있으며, tmap에서 해당 관련 시설을 찾은 적이 있고, tdeal에서 스피커, 턴테이블 등 음향 기기에 관심이 있으며, 에이닷에서 뮤직 기능을 사용한 적 있고, 선호하는 음악 스타일이 있는 고객","{""titleTextPolite"":""추천곡 모음!<br>당신이 좋아할 만한 테마의 곡을 모아봤어요!"",""contents"":""{{CARD_RECOMMEND_MUSIC}}"",""description"":""FLO, 멜론, 스포티파이 등 음악 관련 어플이나 웹페이지 경험이 있고, 음악, 공연, 노래와 관련된 전화 내역이 있으며, tmap에서 해당 관련 시설을 찾은 적이 있고, tdeal에서 스피커, 턴테이블 등 음향 기기에 관심이 있으며, 에이닷에서 뮤직 기능을 사용한 적 있고, 선호하는 음악 스타일이 있는 고객""}",music_71,"#뮤직#추천테마음악#오후,심야"
118,agentOffering,offering,nudge_4954,EVT_15220,"여행지에 있고, 에이닷에서 음식점/카페 검색 이력이 있으며, 음식점/카페 관련 웹 검색을 했고, 에이닷 혼잡도 기록이 있으며, 근처 음식점/카페가 궁금할 것 같은 고객","{""titleTextPolite"":""점심 식사 후 힐링 시간<br>당신의 기분을 높여줄<br>카페 찾아왔어요"",""contents"":""{{CARD_RECOMMEND_RESTAURANT_02}}"",""description"":""여행지에 있고, 에이닷에서 음식점/카페 검색 이력이 있으며, 음식점/카페 관련 웹 검색을 했고, 에이닷 혼잡도 기록이 있으며, 근처 음식점/카페가 궁금할 것 같은 고객""}",restaurant_2,#직장인#평일#카페추천
119,agentOffering,offering,nudge_4997,EVT_15277,"에이닷 내에서 뉴스 관련 청취 및 시청 이력이 있고, 네이버 뉴스, 연합뉴스, 조선일보 등 뉴스 관련 어플과 웹페이지 경험이 있는 고객","{""titleTextPolite"":""나만의 맞춤 뉴스<br>흥미진진한 소식과 다양한<br>정보가 기다리고 있어요"",""contents"":""{{CARD_NEWS_HEADLINE}}"",""description"":""에이닷 내에서 뉴스 관련 청취 및 시청 이력이 있고, 네이버 뉴스, 연합뉴스, 조선일보 등 뉴스 관련 어플과 웹페이지 경험이 있는 고객""}",news_10,"#뉴스#개인화뉴스#오전,오후"
120,agentOffering,offering,nudge_4984,EVT_15267,"에이닷에서 비가 오는지 검색한 이력이 있으며, 네이버 날씨, 케이웨더 등 날씨 관련 어플이나 웹페이지 경험이 있고, 야외에 나가기 전 날씨 정보가 필요한 고객","{""titleTextPolite"":""오늘은 비 내리는 날<br>실내에서 편하게 쉬어요"",""contents"":""{{CARD_HOURLY_WEATHER}}"",""description"":""에이닷에서 비가 오는지 검색한 이력이 있으며, 네이버 날씨, 케이웨더 등 날씨 관련 어플이나 웹페이지 경험이 있고, 야외에 나가기 전 날씨 정보가 필요한 고객""}",weather_15,"#비오는 날 #직장인, 학생 #주말"
121,agentOffering,offering,nudge_5040,EVT_15307,"FLO, 멜론, 스포티파이 등 음악 관련 어플이나 웹페이지 경험이 있고, 음악, 공연, 노래와 관련된 전화내역이 있으며, tmap에서 해당 관련 시설을 찾은 적이 있고, tdeal에서 스피커, 턴테이블 등 음향 기기에 관심이 있으며, 에이닷에서 뮤직 기능을 사용한 적 있고, 선호하는 아티스트가 있는 고객","{""titleTextPolite"":""귀성길을 즐겁게<br>{{ADOT_USER_NAME+이/가}} 좋아할<br>음악을 준비해 봤어요"",""contents"":""{{CARD_NEW_RELEASE_SONG}}"",""description"":""FLO, 멜론, 스포티파이 등 음악 관련 어플이나 웹페이지 경험이 있고, 음악, 공연, 노래와 관련된 전화내역이 있으며, tmap에서 해당 관련 시설을 찾은 적이 있고, tdeal에서 스피커, 턴테이블 등 음향 기기에 관심이 있으며, 에이닷에서 뮤직 기능을 사용한 적 있고, 선호하는 아티스트가 있는 고객""}",music_77,#뮤직#내취향#아티스트신곡#주중
122,agentOffering,offering,nudge_4936,EVT_15129,"출퇴근 패턴 혹은 규칙적인 행동을 보이며, tmap, 카카오T, UT(우티), 카카오맵 등 지도 관련 어플을 이용하고, tmap에서 교통 편의 관련 검색을 사용했으며, navigation/경로 정보가 필요한 고객","{""titleTextPolite"":""즐거운 금요일<br>한 주 잘 보냈나요?<br>어서 집에 가서 쉬어요"",""contents"":""{{CARD_TMAP_HOME}}"",""description"":""출퇴근 패턴 혹은 규칙적인 행동을 보이며, tmap, 카카오T, UT(우티), 카카오맵 등 지도 관련 어플을 이용하고, tmap에서 교통 편의 관련 검색을 사용했으며, navigation/경로 정보가 필요한 고객""}",mobility_9,#모빌리티#모빌리티 패턴#집#14세이상#금요일
123,agentOffering,offering,nudge_5024,EVT_15166,"에이닷 내에서 뉴스 관련 청취 및 시청 이력이 있고, 네이버 뉴스, 연합뉴스, 조선일보 등 뉴스 관련 어플과 웹페이지 경험이 있으며, 에이닷 미디어에서 예능 관련 영상 시청 이력이 있는 고객","{""titleTextPolite"":""재미와 즐거움을 담은<br>똑똑한 뉴스를 확인해 보세요"",""contents"":""{{CARD_CHANNEL_YOUTUBE_LIST_운영_23}}"",""description"":""에이닷 내에서 뉴스 관련 청취 및 시청 이력이 있고, 네이버 뉴스, 연합뉴스, 조선일보 등 뉴스 관련 어플과 웹페이지 경험이 있으며, 에이닷 미디어에서 예능 관련 영상 시청 이력이 있는 고객""}",video_23,#유튜브채널 #14F #foryou
124,agentOffering,offering,nudge_5047,EVT_15186,"FLO, 멜론, 스포티파이 등 음악 관련 어플이나 웹페이지 경험이 있고, 음악, 공연, 노래와 관련된 전화 내역이 있으며, tmap에서 해당 관련 시설을 찾은 적이 있고, tdeal에서 스피커, 턴테이블 등 음향 기기에 관심이 있으며, 에이닷에서 뮤직 기능을 사용해 본 고객","{""titleTextPolite"":""오늘 같은 날<br>계절감 담은 공기 같은 음악 느껴봐요"",""contents"":""{{CARD_SEASON_RECOMMEND_MUSIC}}"",""description"":""FLO, 멜론, 스포티파이 등 음악 관련 어플이나 웹페이지 경험이 있고, 음악, 공연, 노래와 관련된 전화 내역이 있으며, tmap에서 해당 관련 시설을 찾은 적이 있고, tdeal에서 스피커, 턴테이블 등 음향 기기에 관심이 있으며, 에이닷에서 뮤직 기능을 사용해 본 고객""}",music_75,"#뮤직#시즌추천음악#오후,심야"
125,agentOffering,offering,nudge_4944,EVT_15202,"에버랜드, 롯데월드 등 테마파크 관련 통화내역 및 tmap 기록이 있으며, 롯데백화점, 신세계백화점 등 백화점 관련 통화내역 및 tmap 기록이 있고, 이마트, 롯데마트 등 대형마트 관련 통화내역 및 tmap 기록이 있으며, 주말에 자주 방문하는 장소의 혼잡도가 궁금하고, 에이닷에 혼잡도 검색 기록이 있는 고객","{""titleTextPolite"":""자주 방문하는 장소의<br>일요일 혼잡도를 알려줄게요<br>확인하고 방문하기"",""contents"":""{{CARD_FAVORITE_PLACE_CONGESTION_SUNDAY}}"",""description"":""에버랜드, 롯데월드 등 테마파크 관련 통화내역 및 tmap 기록이 있으며, 롯데백화점, 신세계백화점 등 백화점 관련 통화내역 및 tmap 기록이 있고, 이마트, 롯데마트 등 대형마트 관련 통화내역 및 tmap 기록이 있으며, 주말에 자주 방문하는 장소의 혼잡도가 궁금하고, 에이닷에 혼잡도 검색 기록이 있는 고객""}",congestion_4,#자주 방문하는 장소 #장소 혼잡도 #일요일 #INFO
126,agentOffering,offering,nudge_5023,EVT_15165,"교육/학문 관련 통화내역이 있고, tmap에서 교육기관 관련 장소를 찾은 적이 있으며, 에이닷 내에서 뉴스 관련 청취 및 시청 이력이 있고, 네이버 뉴스, 연합뉴스, 조선일보 등 뉴스 관련 어플과 웹페이지 경험이 있는 고객","{""titleTextPolite"":""지식과 경험을 나누는<br>15분 강연 스토리로<br>아이디어를 키워보세요"",""contents"":""{{CARD_CHANNEL_YOUTUBE_LIST_운영_22}}"",""description"":""교육/학문 관련 통화내역이 있고, tmap에서 교육기관 관련 장소를 찾은 적이 있으며, 에이닷 내에서 뉴스 관련 청취 및 시청 이력이 있고, 네이버 뉴스, 연합뉴스, 조선일보 등 뉴스 관련 어플과 웹페이지 경험이 있는 고객""}",video_22,#유튜브채널 #세바시 #foryou
127,agentOffering,offering,nudge_5060,EVT_15322,"T 멤버십 사용자이고, 에이닷에서 T 멤버십 혜택을 이용하며, 티월드 모바일 APP, WEB, 혹은 티월드 온라인 경험이 있는 고객","{""titleTextPolite"":""test"",""description"":""T 멤버십 사용자이고, 에이닷에서 T 멤버십 혜택을 이용하며, 티월드 모바일 APP, WEB, 혹은 티월드 온라인 경험이 있는 고객""}",tmembership_Week24,TdayWeek24
128,agentOffering,offering,nudge_4996,EVT_15149,"업비트, 삼성증권, 한국투자증권 등 주식 관련 어플이나 웹페이지 경험이 있고, 에이닷 증권에 관심 종목을 등록했으며, 모닝 증시 브리핑이 궁금한 고객","{""titleTextPolite"":""잠든 사이에 있었던<br>주식 시장 정보<br>확인해 봤어요?"",""contents"":""{{CARD_STOCK_MORNING_BRIEFING}}"",""description"":""업비트, 삼성증권, 한국투자증권 등 주식 관련 어플이나 웹페이지 경험이 있고, 에이닷 증권에 관심 종목을 등록했으며, 모닝 증시 브리핑이 궁금한 고객""}",stock_6,#증권#모닝브리핑#주중
129,agentOffering,offering,nudge_5014,EVT_15300,"에이닷 내에서 뉴스 관련 청취 및 시청 이력이 있고, 네이버 뉴스, 연합뉴스, 조선일보 등 뉴스 관련 어플과 웹페이지 경험이 있는 고객","{""titleTextPolite"":""오늘은 대한민국의 국경일<br>대한독립 운동을 기념하는<br>'삼일절'이에요"",""contents"":""{{CARD_HOURLY_WEATHER}}"",""description"":""에이닷 내에서 뉴스 관련 청취 및 시청 이력이 있고, 네이버 뉴스, 연합뉴스, 조선일보 등 뉴스 관련 어플과 웹페이지 경험이 있는 고객""}",issue_4_사회,#시의성#사회#제22대 국회 임기 시작#10시~20시
130,agentOffering,offering,nudge_4962,EVT_15236,"네이버 날씨, 케이웨더 등 날씨 관련 어플이나 웹페이지 경험이 있고, 한 주의 날씨가 궁금하며, 주의보/경보가 발효된 지역의 고객","{""titleTextPolite"":""매우 건조한 오늘<br>충분한 수분 섭취로<br>보습에 신경 써 봐요"",""contents"":""{{CARD_TODAY_WEATHER}}"",""description"":""네이버 날씨, 케이웨더 등 날씨 관련 어플이나 웹페이지 경험이 있고, 한 주의 날씨가 궁금하며, 주의보/경보가 발효된 지역의 고객""}",weather_31,#날씨#건조주의보/경보
131,agentOffering,offering,nudge_5059,EVT_15321,"T 멤버십 사용자이고, 에이닷에서 T 멤버십 혜택을 이용하며, 티월드 모바일 APP, WEB, 혹은 티월드 온라인 경험이 있는 고객","{""titleTextPolite"":""택시나 대리 운전 필요해요?<br>이번 T day Week에는 할인<br>혜택이 빵빵해요 😊🚖"",""description"":""T 멤버십 사용자이고, 에이닷에서 T 멤버십 혜택을 이용하며, 티월드 모바일 APP, WEB, 혹은 티월드 온라인 경험이 있는 고객""}",tmembership_Week23,TdayWeek23
132,agentOffering,offering,nudge_5014,EVT_15301,"에이닷 내에서 뉴스 관련 청취 및 시청 이력이 있고, 네이버 뉴스, 연합뉴스, 조선일보 등 뉴스 관련 어플과 웹페이지 경험이 있는 고객","{""titleTextPolite"":""중국으로 떠난 푸바오!<br>이젠 더이상 볼 수 없지만<br>항상 건강하길 기원해요"",""contents"":""{{CARD_KEYWORD_YOUTUBE_운영_4}}"",""description"":""에이닷 내에서 뉴스 관련 청취 및 시청 이력이 있고, 네이버 뉴스, 연합뉴스, 조선일보 등 뉴스 관련 어플과 웹페이지 경험이 있는 고객""}",issue_4_사회,#시의성#사회#제22대 국회 임기 시작#10시~20시
133,agentOffering,offering,nudge_4952,EVT_15139,"여행지에 있고, 에이닷에서 음식점/카페 검색 이력이 있으며, 음식점/카페 관련 웹 검색을 했고, 에이닷 혼잡도 기록이 있으며, 근처 음식점/카페가 궁금할 것 같은 고객","{""titleTextPolite"":""점심시간이 다가왔어요<br>주변에 숨은 음식점을<br>한 번 찾아볼까요?"",""contents"":""{{CARD_RECOMMEND_RESTAURANT_06}}"",""description"":""여행지에 있고, 에이닷에서 음식점/카페 검색 이력이 있으며, 음식점/카페 관련 웹 검색을 했고, 에이닷 혼잡도 기록이 있으며, 근처 음식점/카페가 궁금할 것 같은 고객""}",restaurant_6,#맛집추천 #일반인 #점심
134,agentOffering,offering,nudge_5039,EVT_15304,tdeal 추천 상품이 있는 고객,"{""titleTextPolite"":""T deal의 특가상품<br>오늘은 어떤 제품들이<br>기다리고 있을까요?"",""contents"":""{{CARD_TDEAL_RECOMMEND_PRODUCT}}"",""description"":""tdeal 추천 상품이 있는 고객""}",tdeal_1,#tdeal #now
135,agentOffering,offering,nudge_5070,EVT_15332,"T 멤버십 사용자이고, 에이닷에서 T 멤버십 혜택을 이용하며, 티월드 모바일 APP, WEB, 혹은 티월드 온라인 경험이 있는 고객","{""titleTextPolite"":""오늘 개봉한 영화가 있어요<br>어떤 작품인지 확인하고<br>지금 바로 예매해 봐요"",""description"":""T 멤버십 사용자이고, 에이닷에서 T 멤버십 혜택을 이용하며, 티월드 모바일 APP, WEB, 혹은 티월드 온라인 경험이 있는 고객""}",tmembership_Day33,TdayDay33#롯데시네마
136,agentOffering,offering,nudge_4955,EVT_15141,"여행지에 있고, 에이닷에서 음식점/카페 검색 이력이 있으며, 음식점/카페 관련 웹 검색을 했고, 에이닷 혼잡도 기록이 있으며, 근처 음식점/카페가 궁금할 것 같은 고객","{""titleTextPolite"":""점심 식사 후 힐링 시간<br>당신의 기분을 높여줄<br>카페를 찾아왔어요"",""contents"":""{{CARD_RECOMMEND_RESTAURANT_02}}"",""description"":""여행지에 있고, 에이닷에서 음식점/카페 검색 이력이 있으며, 음식점/카페 관련 웹 검색을 했고, 에이닷 혼잡도 기록이 있으며, 근처 음식점/카페가 궁금할 것 같은 고객""}",restaurant_9,#카페추천#주중#13~15시
137,agentOffering,offering,nudge_5003,EVT_15280,"KBS 콩, SBS 고릴라, 팟빵 등 라디오 관련 어플이나 웹페이지 경험이 있고, 에이닷 라디오에 선호 프로그램이 있으며, 라디오를 자주 듣고, 에이닷에서 라디오를 청취한 이력이 있는 고객","{""titleTextPolite"":""귀성길에 라디오 어때요?<br>{{ADOT_USER_NAME+이/가}} 즐겨 듣는<br>프로그램이 방송 중이에요"",""contents"":""{{CARD_RADIO_PROGRAM}}"",""description"":""KBS 콩, SBS 고릴라, 팟빵 등 라디오 관련 어플이나 웹페이지 경험이 있고, 에이닷 라디오에 선호 프로그램이 있으며, 라디오를 자주 듣고, 에이닷에서 라디오를 청취한 이력이 있는 고객""}",radio_20,#라디오 #선호 프로그램 #NOW
